YEAR,MONTH,OFFENSE_CODE_GROUP,COUNT,DATE
2015,6,Aggravated Assault,124,2015-06
2015,6,Arson,1,2015-06
2015,6,Assembly or Gathering Violations,15,2015-06
2015,6,Auto Theft,66,2015-06
2015,6,Auto Theft Recovery,8,2015-06
2015,6,Ballistics,12,2015-06
2015,6,Bomb Hoax,2,2015-06
2015,6,Commercial Burglary,23,2015-06
2015,6,Confidence Games,66,2015-06
2015,6,Counterfeiting,24,2015-06
2015,6,Criminal Harassment,5,2015-06
2015,6,Disorderly Conduct,39,2015-06
2015,6,Drug Violation,218,2015-06
2015,6,Embezzlement,6,2015-06
2015,6,Evading Fare,6,2015-06
2015,6,Fire Related Reports,21,2015-06
2015,6,Firearm Discovery,2,2015-06
2015,6,Firearm Violations,30,2015-06
2015,6,Fraud,94,2015-06
2015,6,Harassment,25,2015-06
2015,6,Harbor Related Incidents,1,2015-06
2015,6,Investigate Person,189,2015-06
2015,6,Investigate Property,104,2015-06
2015,6,Landlord/Tenant Disputes,12,2015-06
2015,6,Larceny,446,2015-06
2015,6,Larceny From Motor Vehicle,170,2015-06
2015,6,License Plate Related Incidents,10,2015-06
2015,6,License Violation,12,2015-06
2015,6,Liquor Violation,11,2015-06
2015,6,Medical Assistance,226,2015-06
2015,6,Missing Person Located,78,2015-06
2015,6,Missing Person Reported,55,2015-06
2015,6,Motor Vehicle Accident Response,424,2015-06
2015,6,Offenses Against Child / Family,11,2015-06
2015,6,Operating Under the Influence,6,2015-06
2015,6,Other,297,2015-06
2015,6,Other Burglary,9,2015-06
2015,6,Police Service Incidents,87,2015-06
2015,6,Prisoner Related Incidents,3,2015-06
2015,6,Property Found,50,2015-06
2015,6,Property Lost,127,2015-06
2015,6,Property Related Damage,10,2015-06
2015,6,Prostitution,3,2015-06
2015,6,Recovered Stolen Property,16,2015-06
2015,6,Residential Burglary,132,2015-06
2015,6,Restraining Order Violations,13,2015-06
2015,6,Robbery,52,2015-06
2015,6,Search Warrants,15,2015-06
2015,6,Service,2,2015-06
2015,6,Simple Assault,201,2015-06
2015,6,Towed,110,2015-06
2015,6,Vandalism,210,2015-06
2015,6,Verbal Disputes,112,2015-06
2015,6,Violations,99,2015-06
2015,6,Warrant Arrests,101,2015-06
2015,7,Aggravated Assault,245,2015-07
2015,7,Assembly or Gathering Violations,21,2015-07
2015,7,Auto Theft,178,2015-07
2015,7,Auto Theft Recovery,24,2015-07
2015,7,Ballistics,31,2015-07
2015,7,Bomb Hoax,2,2015-07
2015,7,Commercial Burglary,31,2015-07
2015,7,Confidence Games,106,2015-07
2015,7,Counterfeiting,46,2015-07
2015,7,Criminal Harassment,9,2015-07
2015,7,Disorderly Conduct,78,2015-07
2015,7,Drug Violation,545,2015-07
2015,7,Embezzlement,5,2015-07
2015,7,Evading Fare,11,2015-07
2015,7,Explosives,3,2015-07
2015,7,Fire Related Reports,54,2015-07
2015,7,Firearm Discovery,23,2015-07
2015,7,Firearm Violations,65,2015-07
2015,7,Fraud,163,2015-07
2015,7,Harassment,43,2015-07
2015,7,Harbor Related Incidents,8,2015-07
2015,7,Homicide,8,2015-07
2015,7,Investigate Person,355,2015-07
2015,7,Investigate Property,191,2015-07
2015,7,Landlord/Tenant Disputes,26,2015-07
2015,7,Larceny,826,2015-07
2015,7,Larceny From Motor Vehicle,324,2015-07
2015,7,License Plate Related Incidents,25,2015-07
2015,7,License Violation,42,2015-07
2015,7,Liquor Violation,24,2015-07
2015,7,Medical Assistance,468,2015-07
2015,7,Missing Person Located,114,2015-07
2015,7,Missing Person Reported,86,2015-07
2015,7,Motor Vehicle Accident Response,870,2015-07
2015,7,Offenses Against Child / Family,23,2015-07
2015,7,Operating Under the Influence,12,2015-07
2015,7,Other,503,2015-07
2015,7,Other Burglary,21,2015-07
2015,7,Police Service Incidents,93,2015-07
2015,7,Prisoner Related Incidents,9,2015-07
2015,7,Property Found,95,2015-07
2015,7,Property Lost,254,2015-07
2015,7,Property Related Damage,21,2015-07
2015,7,Prostitution,12,2015-07
2015,7,Recovered Stolen Property,53,2015-07
2015,7,Residential Burglary,217,2015-07
2015,7,Restraining Order Violations,38,2015-07
2015,7,Robbery,145,2015-07
2015,7,Search Warrants,24,2015-07
2015,7,Service,12,2015-07
2015,7,Simple Assault,450,2015-07
2015,7,Towed,194,2015-07
2015,7,Vandalism,406,2015-07
2015,7,Verbal Disputes,253,2015-07
2015,7,Violations,232,2015-07
2015,7,Warrant Arrests,209,2015-07
2015,8,Aggravated Assault,221,2015-08
2015,8,Aircraft,1,2015-08
2015,8,Arson,1,2015-08
2015,8,Assembly or Gathering Violations,22,2015-08
2015,8,Auto Theft,166,2015-08
2015,8,Auto Theft Recovery,22,2015-08
2015,8,Ballistics,29,2015-08
2015,8,Bomb Hoax,3,2015-08
2015,8,Commercial Burglary,40,2015-08
2015,8,Confidence Games,111,2015-08
2015,8,Counterfeiting,35,2015-08
2015,8,Criminal Harassment,7,2015-08
2015,8,Disorderly Conduct,80,2015-08
2015,8,Drug Violation,488,2015-08
2015,8,Embezzlement,11,2015-08
2015,8,Evading Fare,12,2015-08
2015,8,Explosives,1,2015-08
2015,8,Fire Related Reports,47,2015-08
2015,8,Firearm Discovery,35,2015-08
2015,8,Firearm Violations,61,2015-08
2015,8,Fraud,155,2015-08
2015,8,Harassment,55,2015-08
2015,8,Harbor Related Incidents,1,2015-08
2015,8,Homicide,3,2015-08
2015,8,Investigate Person,354,2015-08
2015,8,Investigate Property,180,2015-08
2015,8,Landlord/Tenant Disputes,29,2015-08
2015,8,Larceny,773,2015-08
2015,8,Larceny From Motor Vehicle,340,2015-08
2015,8,License Plate Related Incidents,18,2015-08
2015,8,License Violation,35,2015-08
2015,8,Liquor Violation,30,2015-08
2015,8,Medical Assistance,427,2015-08
2015,8,Missing Person Located,113,2015-08
2015,8,Missing Person Reported,81,2015-08
2015,8,Motor Vehicle Accident Response,910,2015-08
2015,8,Offenses Against Child / Family,18,2015-08
2015,8,Operating Under the Influence,21,2015-08
2015,8,Other,563,2015-08
2015,8,Other Burglary,25,2015-08
2015,8,Phone Call Complaints,1,2015-08
2015,8,Police Service Incidents,131,2015-08
2015,8,Prisoner Related Incidents,5,2015-08
2015,8,Property Found,123,2015-08
2015,8,Property Lost,258,2015-08
2015,8,Property Related Damage,44,2015-08
2015,8,Prostitution,5,2015-08
2015,8,Recovered Stolen Property,41,2015-08
2015,8,Residential Burglary,264,2015-08
2015,8,Restraining Order Violations,46,2015-08
2015,8,Robbery,139,2015-08
2015,8,Search Warrants,24,2015-08
2015,8,Service,15,2015-08
2015,8,Simple Assault,409,2015-08
2015,8,Towed,244,2015-08
2015,8,Vandalism,436,2015-08
2015,8,Verbal Disputes,223,2015-08
2015,8,Violations,204,2015-08
2015,8,Warrant Arrests,207,2015-08
2015,9,Aggravated Assault,234,2015-09
2015,9,Arson,4,2015-09
2015,9,Assembly or Gathering Violations,66,2015-09
2015,9,Auto Theft,206,2015-09
2015,9,Auto Theft Recovery,21,2015-09
2015,9,Ballistics,34,2015-09
2015,9,Bomb Hoax,1,2015-09
2015,9,Commercial Burglary,32,2015-09
2015,9,Confidence Games,90,2015-09
2015,9,Counterfeiting,42,2015-09
2015,9,Criminal Harassment,7,2015-09
2015,9,Disorderly Conduct,88,2015-09
2015,9,Drug Violation,527,2015-09
2015,9,Embezzlement,13,2015-09
2015,9,Evading Fare,12,2015-09
2015,9,Fire Related Reports,48,2015-09
2015,9,Firearm Discovery,43,2015-09
2015,9,Firearm Violations,54,2015-09
2015,9,Fraud,147,2015-09
2015,9,Harassment,55,2015-09
2015,9,Harbor Related Incidents,1,2015-09
2015,9,Homicide,5,2015-09
2015,9,Investigate Person,387,2015-09
2015,9,Investigate Property,202,2015-09
2015,9,Landlord/Tenant Disputes,36,2015-09
2015,9,Larceny,743,2015-09
2015,9,Larceny From Motor Vehicle,290,2015-09
2015,9,License Plate Related Incidents,12,2015-09
2015,9,License Violation,24,2015-09
2015,9,Liquor Violation,38,2015-09
2015,9,Medical Assistance,498,2015-09
2015,9,Missing Person Located,106,2015-09
2015,9,Missing Person Reported,84,2015-09
2015,9,Motor Vehicle Accident Response,941,2015-09
2015,9,Offenses Against Child / Family,16,2015-09
2015,9,Operating Under the Influence,19,2015-09
2015,9,Other,550,2015-09
2015,9,Other Burglary,17,2015-09
2015,9,Phone Call Complaints,1,2015-09
2015,9,Police Service Incidents,105,2015-09
2015,9,Prisoner Related Incidents,3,2015-09
2015,9,Property Found,98,2015-09
2015,9,Property Lost,246,2015-09
2015,9,Property Related Damage,23,2015-09
2015,9,Prostitution,10,2015-09
2015,9,Recovered Stolen Property,36,2015-09
2015,9,Residential Burglary,215,2015-09
2015,9,Restraining Order Violations,47,2015-09
2015,9,Robbery,153,2015-09
2015,9,Search Warrants,29,2015-09
2015,9,Service,11,2015-09
2015,9,Simple Assault,381,2015-09
2015,9,Towed,282,2015-09
2015,9,Vandalism,404,2015-09
2015,9,Verbal Disputes,217,2015-09
2015,9,Violations,246,2015-09
2015,9,Warrant Arrests,215,2015-09
2015,10,Aggravated Assault,172,2015-10
2015,10,Arson,3,2015-10
2015,10,Assembly or Gathering Violations,53,2015-10
2015,10,Auto Theft,140,2015-10
2015,10,Auto Theft Recovery,23,2015-10
2015,10,Ballistics,15,2015-10
2015,10,Bomb Hoax,2,2015-10
2015,10,Commercial Burglary,41,2015-10
2015,10,Confidence Games,77,2015-10
2015,10,Counterfeiting,37,2015-10
2015,10,Criminal Harassment,3,2015-10
2015,10,Disorderly Conduct,68,2015-10
2015,10,Drug Violation,590,2015-10
2015,10,Embezzlement,6,2015-10
2015,10,Evading Fare,19,2015-10
2015,10,Explosives,1,2015-10
2015,10,Fire Related Reports,47,2015-10
2015,10,Firearm Discovery,26,2015-10
2015,10,Firearm Violations,52,2015-10
2015,10,Fraud,147,2015-10
2015,10,Gambling,1,2015-10
2015,10,Harassment,41,2015-10
2015,10,Harbor Related Incidents,1,2015-10
2015,10,Homicide,2,2015-10
2015,10,Investigate Person,385,2015-10
2015,10,Investigate Property,181,2015-10
2015,10,Landlord/Tenant Disputes,23,2015-10
2015,10,Larceny,769,2015-10
2015,10,Larceny From Motor Vehicle,363,2015-10
2015,10,License Plate Related Incidents,5,2015-10
2015,10,License Violation,42,2015-10
2015,10,Liquor Violation,42,2015-10
2015,10,Medical Assistance,490,2015-10
2015,10,Missing Person Located,152,2015-10
2015,10,Missing Person Reported,121,2015-10
2015,10,Motor Vehicle Accident Response,927,2015-10
2015,10,Offenses Against Child / Family,21,2015-10
2015,10,Operating Under the Influence,23,2015-10
2015,10,Other,512,2015-10
2015,10,Other Burglary,8,2015-10
2015,10,Phone Call Complaints,2,2015-10
2015,10,Police Service Incidents,119,2015-10
2015,10,Prisoner Related Incidents,8,2015-10
2015,10,Property Found,95,2015-10
2015,10,Property Lost,234,2015-10
2015,10,Property Related Damage,11,2015-10
2015,10,Prostitution,5,2015-10
2015,10,Recovered Stolen Property,45,2015-10
2015,10,Residential Burglary,210,2015-10
2015,10,Restraining Order Violations,29,2015-10
2015,10,Robbery,166,2015-10
2015,10,Search Warrants,24,2015-10
2015,10,Service,10,2015-10
2015,10,Simple Assault,397,2015-10
2015,10,Towed,253,2015-10
2015,10,Vandalism,446,2015-10
2015,10,Verbal Disputes,205,2015-10
2015,10,Violations,208,2015-10
2015,10,Warrant Arrests,209,2015-10
2015,11,Aggravated Assault,204,2015-11
2015,11,Arson,2,2015-11
2015,11,Assembly or Gathering Violations,40,2015-11
2015,11,Auto Theft,112,2015-11
2015,11,Auto Theft Recovery,18,2015-11
2015,11,Ballistics,20,2015-11
2015,11,Bomb Hoax,3,2015-11
2015,11,Commercial Burglary,45,2015-11
2015,11,Confidence Games,94,2015-11
2015,11,Counterfeiting,50,2015-11
2015,11,Criminal Harassment,4,2015-11
2015,11,Disorderly Conduct,60,2015-11
2015,11,Drug Violation,502,2015-11
2015,11,Embezzlement,7,2015-11
2015,11,Evading Fare,9,2015-11
2015,11,Explosives,1,2015-11
2015,11,Fire Related Reports,56,2015-11
2015,11,Firearm Discovery,25,2015-11
2015,11,Firearm Violations,63,2015-11
2015,11,Fraud,154,2015-11
2015,11,Harassment,69,2015-11
2015,11,Homicide,3,2015-11
2015,11,Investigate Person,423,2015-11
2015,11,Investigate Property,203,2015-11
2015,11,Landlord/Tenant Disputes,13,2015-11
2015,11,Larceny,713,2015-11
2015,11,Larceny From Motor Vehicle,307,2015-11
2015,11,License Plate Related Incidents,8,2015-11
2015,11,License Violation,41,2015-11
2015,11,Liquor Violation,22,2015-11
2015,11,Medical Assistance,494,2015-11
2015,11,Missing Person Located,119,2015-11
2015,11,Missing Person Reported,96,2015-11
2015,11,Motor Vehicle Accident Response,825,2015-11
2015,11,Offenses Against Child / Family,14,2015-11
2015,11,Operating Under the Influence,15,2015-11
2015,11,Other,500,2015-11
2015,11,Other Burglary,13,2015-11
2015,11,Phone Call Complaints,2,2015-11
2015,11,Police Service Incidents,94,2015-11
2015,11,Prisoner Related Incidents,7,2015-11
2015,11,Property Found,97,2015-11
2015,11,Property Lost,193,2015-11
2015,11,Property Related Damage,17,2015-11
2015,11,Prostitution,6,2015-11
2015,11,Recovered Stolen Property,33,2015-11
2015,11,Residential Burglary,184,2015-11
2015,11,Restraining Order Violations,41,2015-11
2015,11,Robbery,151,2015-11
2015,11,Search Warrants,29,2015-11
2015,11,Service,3,2015-11
2015,11,Simple Assault,379,2015-11
2015,11,Towed,236,2015-11
2015,11,Vandalism,382,2015-11
2015,11,Verbal Disputes,242,2015-11
2015,11,Violations,191,2015-11
2015,11,Warrant Arrests,184,2015-11
2015,12,Aggravated Assault,186,2015-12
2015,12,Aircraft,3,2015-12
2015,12,Assembly or Gathering Violations,23,2015-12
2015,12,Auto Theft,120,2015-12
2015,12,Auto Theft Recovery,21,2015-12
2015,12,Ballistics,25,2015-12
2015,12,Bomb Hoax,4,2015-12
2015,12,Burglary - No Property Taken,1,2015-12
2015,12,Commercial Burglary,41,2015-12
2015,12,Confidence Games,113,2015-12
2015,12,Counterfeiting,42,2015-12
2015,12,Criminal Harassment,8,2015-12
2015,12,Disorderly Conduct,56,2015-12
2015,12,Drug Violation,430,2015-12
2015,12,Embezzlement,13,2015-12
2015,12,Evading Fare,10,2015-12
2015,12,Fire Related Reports,37,2015-12
2015,12,Firearm Discovery,21,2015-12
2015,12,Firearm Violations,57,2015-12
2015,12,Fraud,134,2015-12
2015,12,Gambling,1,2015-12
2015,12,Harassment,71,2015-12
2015,12,Homicide,6,2015-12
2015,12,Investigate Person,418,2015-12
2015,12,Investigate Property,208,2015-12
2015,12,Landlord/Tenant Disputes,27,2015-12
2015,12,Larceny,736,2015-12
2015,12,Larceny From Motor Vehicle,319,2015-12
2015,12,License Plate Related Incidents,11,2015-12
2015,12,License Violation,32,2015-12
2015,12,Liquor Violation,24,2015-12
2015,12,Medical Assistance,536,2015-12
2015,12,Missing Person Located,147,2015-12
2015,12,Missing Person Reported,117,2015-12
2015,12,Motor Vehicle Accident Response,930,2015-12
2015,12,Offenses Against Child / Family,16,2015-12
2015,12,Operating Under the Influence,22,2015-12
2015,12,Other,454,2015-12
2015,12,Other Burglary,19,2015-12
2015,12,Police Service Incidents,123,2015-12
2015,12,Prisoner Related Incidents,5,2015-12
2015,12,Property Found,82,2015-12
2015,12,Property Lost,213,2015-12
2015,12,Property Related Damage,14,2015-12
2015,12,Prostitution,2,2015-12
2015,12,Recovered Stolen Property,33,2015-12
2015,12,Residential Burglary,201,2015-12
2015,12,Restraining Order Violations,33,2015-12
2015,12,Robbery,142,2015-12
2015,12,Search Warrants,21,2015-12
2015,12,Service,6,2015-12
2015,12,Simple Assault,395,2015-12
2015,12,Towed,240,2015-12
2015,12,Vandalism,417,2015-12
2015,12,Verbal Disputes,257,2015-12
2015,12,Violations,174,2015-12
2015,12,Warrant Arrests,194,2015-12
2016,1,Aggravated Assault,175,2016-01
2016,1,Aircraft,1,2016-01
2016,1,Arson,2,2016-01
2016,1,Assembly or Gathering Violations,27,2016-01
2016,1,Auto Theft,103,2016-01
2016,1,Auto Theft Recovery,25,2016-01
2016,1,Ballistics,21,2016-01
2016,1,Bomb Hoax,5,2016-01
2016,1,Burglary - No Property Taken,1,2016-01
2016,1,Commercial Burglary,34,2016-01
2016,1,Confidence Games,105,2016-01
2016,1,Counterfeiting,33,2016-01
2016,1,Criminal Harassment,6,2016-01
2016,1,Disorderly Conduct,69,2016-01
2016,1,Drug Violation,432,2016-01
2016,1,Embezzlement,9,2016-01
2016,1,Evading Fare,14,2016-01
2016,1,Fire Related Reports,63,2016-01
2016,1,Firearm Discovery,20,2016-01
2016,1,Firearm Violations,48,2016-01
2016,1,Fraud,134,2016-01
2016,1,Harassment,76,2016-01
2016,1,Harbor Related Incidents,1,2016-01
2016,1,Homicide,4,2016-01
2016,1,Investigate Person,432,2016-01
2016,1,Investigate Property,198,2016-01
2016,1,Landlord/Tenant Disputes,27,2016-01
2016,1,Larceny,682,2016-01
2016,1,Larceny From Motor Vehicle,290,2016-01
2016,1,License Plate Related Incidents,12,2016-01
2016,1,License Violation,33,2016-01
2016,1,Liquor Violation,16,2016-01
2016,1,Manslaughter,2,2016-01
2016,1,Medical Assistance,556,2016-01
2016,1,Missing Person Located,180,2016-01
2016,1,Missing Person Reported,127,2016-01
2016,1,Motor Vehicle Accident Response,838,2016-01
2016,1,Offenses Against Child / Family,13,2016-01
2016,1,Operating Under the Influence,14,2016-01
2016,1,Other,476,2016-01
2016,1,Other Burglary,7,2016-01
2016,1,Phone Call Complaints,2,2016-01
2016,1,Police Service Incidents,119,2016-01
2016,1,Prisoner Related Incidents,6,2016-01
2016,1,Property Found,90,2016-01
2016,1,Property Lost,208,2016-01
2016,1,Property Related Damage,11,2016-01
2016,1,Prostitution,9,2016-01
2016,1,Recovered Stolen Property,39,2016-01
2016,1,Residential Burglary,160,2016-01
2016,1,Restraining Order Violations,41,2016-01
2016,1,Robbery,118,2016-01
2016,1,Search Warrants,34,2016-01
2016,1,Service,1,2016-01
2016,1,Simple Assault,387,2016-01
2016,1,Towed,214,2016-01
2016,1,Vandalism,406,2016-01
2016,1,Verbal Disputes,335,2016-01
2016,1,Violations,151,2016-01
2016,1,Warrant Arrests,194,2016-01
2016,2,Aggravated Assault,163,2016-02
2016,2,Arson,2,2016-02
2016,2,Assembly or Gathering Violations,32,2016-02
2016,2,Auto Theft,103,2016-02
2016,2,Auto Theft Recovery,25,2016-02
2016,2,Ballistics,12,2016-02
2016,2,Bomb Hoax,10,2016-02
2016,2,Commercial Burglary,23,2016-02
2016,2,Confidence Games,88,2016-02
2016,2,Counterfeiting,30,2016-02
2016,2,Disorderly Conduct,60,2016-02
2016,2,Drug Violation,527,2016-02
2016,2,Embezzlement,4,2016-02
2016,2,Evading Fare,8,2016-02
2016,2,Fire Related Reports,49,2016-02
2016,2,Firearm Discovery,16,2016-02
2016,2,Firearm Violations,45,2016-02
2016,2,Fraud,183,2016-02
2016,2,Home Invasion,1,2016-02
2016,2,Harassment,85,2016-02
2016,2,Harbor Related Incidents,7,2016-02
2016,2,Homicide,2,2016-02
2016,2,Investigate Person,333,2016-02
2016,2,Investigate Property,218,2016-02
2016,2,Landlord/Tenant Disputes,26,2016-02
2016,2,Larceny,544,2016-02
2016,2,Larceny From Motor Vehicle,232,2016-02
2016,2,License Plate Related Incidents,12,2016-02
2016,2,License Violation,41,2016-02
2016,2,Liquor Violation,32,2016-02
2016,2,Manslaughter,1,2016-02
2016,2,Medical Assistance,535,2016-02
2016,2,Missing Person Located,136,2016-02
2016,2,Missing Person Reported,95,2016-02
2016,2,Motor Vehicle Accident Response,824,2016-02
2016,2,Offenses Against Child / Family,7,2016-02
2016,2,Operating Under the Influence,15,2016-02
2016,2,Other,468,2016-02
2016,2,Other Burglary,2,2016-02
2016,2,Phone Call Complaints,2,2016-02
2016,2,Police Service Incidents,107,2016-02
2016,2,Prisoner Related Incidents,8,2016-02
2016,2,Property Found,76,2016-02
2016,2,Property Lost,202,2016-02
2016,2,Property Related Damage,45,2016-02
2016,2,Prostitution,8,2016-02
2016,2,Recovered Stolen Property,28,2016-02
2016,2,Residential Burglary,124,2016-02
2016,2,Restraining Order Violations,28,2016-02
2016,2,Robbery,76,2016-02
2016,2,Search Warrants,29,2016-02
2016,2,Service,7,2016-02
2016,2,Simple Assault,332,2016-02
2016,2,Towed,213,2016-02
2016,2,Vandalism,352,2016-02
2016,2,Verbal Disputes,306,2016-02
2016,2,Violations,190,2016-02
2016,2,Warrant Arrests,180,2016-02
2016,3,Aggravated Assault,166,2016-03
2016,3,Arson,5,2016-03
2016,3,Assembly or Gathering Violations,23,2016-03
2016,3,Auto Theft,99,2016-03
2016,3,Auto Theft Recovery,32,2016-03
2016,3,Ballistics,16,2016-03
2016,3,Bomb Hoax,7,2016-03
2016,3,Commercial Burglary,32,2016-03
2016,3,Confidence Games,107,2016-03
2016,3,Counterfeiting,43,2016-03
2016,3,Criminal Harassment,2,2016-03
2016,3,Disorderly Conduct,74,2016-03
2016,3,Drug Violation,582,2016-03
2016,3,Embezzlement,2,2016-03
2016,3,Evading Fare,9,2016-03
2016,3,Explosives,1,2016-03
2016,3,Fire Related Reports,48,2016-03
2016,3,Firearm Discovery,17,2016-03
2016,3,Firearm Violations,51,2016-03
2016,3,Fraud,155,2016-03
2016,3,Harassment,92,2016-03
2016,3,Harbor Related Incidents,7,2016-03
2016,3,Homicide,3,2016-03
2016,3,Investigate Person,430,2016-03
2016,3,Investigate Property,230,2016-03
2016,3,Landlord/Tenant Disputes,19,2016-03
2016,3,Larceny,626,2016-03
2016,3,Larceny From Motor Vehicle,276,2016-03
2016,3,License Plate Related Incidents,14,2016-03
2016,3,License Violation,104,2016-03
2016,3,Liquor Violation,33,2016-03
2016,3,Medical Assistance,605,2016-03
2016,3,Missing Person Located,131,2016-03
2016,3,Missing Person Reported,81,2016-03
2016,3,Motor Vehicle Accident Response,869,2016-03
2016,3,Offenses Against Child / Family,13,2016-03
2016,3,Operating Under the Influence,26,2016-03
2016,3,Other,587,2016-03
2016,3,Other Burglary,11,2016-03
2016,3,Phone Call Complaints,3,2016-03
2016,3,Police Service Incidents,115,2016-03
2016,3,Prisoner Related Incidents,6,2016-03
2016,3,Property Found,84,2016-03
2016,3,Property Lost,204,2016-03
2016,3,Property Related Damage,27,2016-03
2016,3,Prostitution,2,2016-03
2016,3,Recovered Stolen Property,21,2016-03
2016,3,Residential Burglary,161,2016-03
2016,3,Restraining Order Violations,43,2016-03
2016,3,Robbery,137,2016-03
2016,3,Search Warrants,32,2016-03
2016,3,Service,6,2016-03
2016,3,Simple Assault,425,2016-03
2016,3,Towed,222,2016-03
2016,3,Vandalism,397,2016-03
2016,3,Verbal Disputes,270,2016-03
2016,3,Violations,213,2016-03
2016,3,Warrant Arrests,203,2016-03
2016,4,Aggravated Assault,195,2016-04
2016,4,Arson,2,2016-04
2016,4,Assembly or Gathering Violations,50,2016-04
2016,4,Auto Theft,135,2016-04
2016,4,Auto Theft Recovery,22,2016-04
2016,4,Ballistics,26,2016-04
2016,4,Bomb Hoax,4,2016-04
2016,4,Commercial Burglary,29,2016-04
2016,4,Confidence Games,76,2016-04
2016,4,Counterfeiting,46,2016-04
2016,4,Criminal Harassment,4,2016-04
2016,4,Disorderly Conduct,82,2016-04
2016,4,Drug Violation,463,2016-04
2016,4,Embezzlement,7,2016-04
2016,4,Evading Fare,12,2016-04
2016,4,Fire Related Reports,56,2016-04
2016,4,Firearm Discovery,17,2016-04
2016,4,Firearm Violations,53,2016-04
2016,4,Fraud,163,2016-04
2016,4,Home Invasion,6,2016-04
2016,4,Harassment,108,2016-04
2016,4,Harbor Related Incidents,3,2016-04
2016,4,Homicide,2,2016-04
2016,4,Investigate Person,411,2016-04
2016,4,Investigate Property,218,2016-04
2016,4,Landlord/Tenant Disputes,38,2016-04
2016,4,Larceny,615,2016-04
2016,4,Larceny From Motor Vehicle,275,2016-04
2016,4,License Plate Related Incidents,20,2016-04
2016,4,License Violation,46,2016-04
2016,4,Liquor Violation,22,2016-04
2016,4,Manslaughter,1,2016-04
2016,4,Medical Assistance,567,2016-04
2016,4,Missing Person Located,144,2016-04
2016,4,Missing Person Reported,95,2016-04
2016,4,Motor Vehicle Accident Response,874,2016-04
2016,4,Offenses Against Child / Family,20,2016-04
2016,4,Operating Under the Influence,17,2016-04
2016,4,Other,499,2016-04
2016,4,Other Burglary,12,2016-04
2016,4,Phone Call Complaints,1,2016-04
2016,4,Police Service Incidents,106,2016-04
2016,4,Prisoner Related Incidents,8,2016-04
2016,4,Property Found,85,2016-04
2016,4,Property Lost,204,2016-04
2016,4,Property Related Damage,26,2016-04
2016,4,Prostitution,1,2016-04
2016,4,Recovered Stolen Property,33,2016-04
2016,4,Residential Burglary,155,2016-04
2016,4,Restraining Order Violations,33,2016-04
2016,4,Robbery,121,2016-04
2016,4,Search Warrants,25,2016-04
2016,4,Service,6,2016-04
2016,4,Simple Assault,446,2016-04
2016,4,Towed,226,2016-04
2016,4,Vandalism,505,2016-04
2016,4,Verbal Disputes,319,2016-04
2016,4,Violations,166,2016-04
2016,4,Warrant Arrests,200,2016-04
2016,5,Aggravated Assault,214,2016-05
2016,5,Arson,3,2016-05
2016,5,Assembly or Gathering Violations,17,2016-05
2016,5,Auto Theft,157,2016-05
2016,5,Auto Theft Recovery,25,2016-05
2016,5,Ballistics,25,2016-05
2016,5,Bomb Hoax,8,2016-05
2016,5,Commercial Burglary,35,2016-05
2016,5,Confidence Games,79,2016-05
2016,5,Counterfeiting,52,2016-05
2016,5,Criminal Harassment,4,2016-05
2016,5,Disorderly Conduct,70,2016-05
2016,5,Drug Violation,502,2016-05
2016,5,Embezzlement,10,2016-05
2016,5,Evading Fare,11,2016-05
2016,5,Fire Related Reports,54,2016-05
2016,5,Firearm Discovery,18,2016-05
2016,5,Firearm Violations,43,2016-05
2016,5,Fraud,171,2016-05
2016,5,Home Invasion,2,2016-05
2016,5,Harassment,111,2016-05
2016,5,Harbor Related Incidents,4,2016-05
2016,5,Homicide,2,2016-05
2016,5,Investigate Person,443,2016-05
2016,5,Investigate Property,265,2016-05
2016,5,Landlord/Tenant Disputes,28,2016-05
2016,5,Larceny,697,2016-05
2016,5,Larceny From Motor Vehicle,268,2016-05
2016,5,License Plate Related Incidents,7,2016-05
2016,5,License Violation,35,2016-05
2016,5,Liquor Violation,19,2016-05
2016,5,Medical Assistance,658,2016-05
2016,5,Missing Person Located,158,2016-05
2016,5,Missing Person Reported,102,2016-05
2016,5,Motor Vehicle Accident Response,1023,2016-05
2016,5,Offenses Against Child / Family,14,2016-05
2016,5,Operating Under the Influence,20,2016-05
2016,5,Other,476,2016-05
2016,5,Other Burglary,11,2016-05
2016,5,Police Service Incidents,112,2016-05
2016,5,Prisoner Related Incidents,6,2016-05
2016,5,Property Found,94,2016-05
2016,5,Property Lost,221,2016-05
2016,5,Property Related Damage,22,2016-05
2016,5,Prostitution,2,2016-05
2016,5,Recovered Stolen Property,42,2016-05
2016,5,Residential Burglary,172,2016-05
2016,5,Restraining Order Violations,20,2016-05
2016,5,Robbery,131,2016-05
2016,5,Search Warrants,9,2016-05
2016,5,Service,10,2016-05
2016,5,Simple Assault,440,2016-05
2016,5,Towed,282,2016-05
2016,5,Vandalism,422,2016-05
2016,5,Verbal Disputes,374,2016-05
2016,5,Violations,175,2016-05
2016,5,Warrant Arrests,207,2016-05
2016,6,Aggravated Assault,234,2016-06
2016,6,Arson,4,2016-06
2016,6,Assembly or Gathering Violations,16,2016-06
2016,6,Auto Theft,138,2016-06
2016,6,Auto Theft Recovery,29,2016-06
2016,6,Ballistics,22,2016-06
2016,6,Bomb Hoax,3,2016-06
2016,6,Commercial Burglary,31,2016-06
2016,6,Confidence Games,82,2016-06
2016,6,Counterfeiting,46,2016-06
2016,6,Criminal Harassment,1,2016-06
2016,6,Disorderly Conduct,76,2016-06
2016,6,Drug Violation,549,2016-06
2016,6,Embezzlement,13,2016-06
2016,6,Evading Fare,13,2016-06
2016,6,Fire Related Reports,49,2016-06
2016,6,Firearm Discovery,12,2016-06
2016,6,Firearm Violations,44,2016-06
2016,6,Fraud,169,2016-06
2016,6,Harassment,126,2016-06
2016,6,Harbor Related Incidents,6,2016-06
2016,6,Homicide,6,2016-06
2016,6,Investigate Person,392,2016-06
2016,6,Investigate Property,290,2016-06
2016,6,Landlord/Tenant Disputes,26,2016-06
2016,6,Larceny,701,2016-06
2016,6,Larceny From Motor Vehicle,312,2016-06
2016,6,License Plate Related Incidents,12,2016-06
2016,6,License Violation,48,2016-06
2016,6,Liquor Violation,29,2016-06
2016,6,Medical Assistance,562,2016-06
2016,6,Missing Person Located,157,2016-06
2016,6,Missing Person Reported,121,2016-06
2016,6,Motor Vehicle Accident Response,977,2016-06
2016,6,Offenses Against Child / Family,17,2016-06
2016,6,Operating Under the Influence,18,2016-06
2016,6,Other,472,2016-06
2016,6,Other Burglary,15,2016-06
2016,6,Police Service Incidents,82,2016-06
2016,6,Prisoner Related Incidents,7,2016-06
2016,6,Property Found,107,2016-06
2016,6,Property Lost,253,2016-06
2016,6,Property Related Damage,18,2016-06
2016,6,Prostitution,7,2016-06
2016,6,Recovered Stolen Property,28,2016-06
2016,6,Residential Burglary,176,2016-06
2016,6,Restraining Order Violations,48,2016-06
2016,6,Robbery,112,2016-06
2016,6,Search Warrants,18,2016-06
2016,6,Service,6,2016-06
2016,6,Simple Assault,414,2016-06
2016,6,Towed,290,2016-06
2016,6,Vandalism,428,2016-06
2016,6,Verbal Disputes,348,2016-06
2016,6,Violations,155,2016-06
2016,6,Warrant Arrests,243,2016-06
2016,7,Aggravated Assault,249,2016-07
2016,7,Aircraft,2,2016-07
2016,7,Arson,3,2016-07
2016,7,Assembly or Gathering Violations,17,2016-07
2016,7,Auto Theft,128,2016-07
2016,7,Auto Theft Recovery,23,2016-07
2016,7,Ballistics,44,2016-07
2016,7,Commercial Burglary,30,2016-07
2016,7,Confidence Games,106,2016-07
2016,7,Counterfeiting,41,2016-07
2016,7,Criminal Harassment,4,2016-07
2016,7,Disorderly Conduct,70,2016-07
2016,7,Drug Violation,421,2016-07
2016,7,Embezzlement,6,2016-07
2016,7,Evading Fare,10,2016-07
2016,7,Explosives,4,2016-07
2016,7,Fire Related Reports,64,2016-07
2016,7,Firearm Discovery,25,2016-07
2016,7,Firearm Violations,54,2016-07
2016,7,Fraud,142,2016-07
2016,7,Home Invasion,1,2016-07
2016,7,Harassment,139,2016-07
2016,7,Harbor Related Incidents,8,2016-07
2016,7,Homicide,1,2016-07
2016,7,Investigate Person,432,2016-07
2016,7,Investigate Property,369,2016-07
2016,7,Landlord/Tenant Disputes,19,2016-07
2016,7,Larceny,629,2016-07
2016,7,Larceny From Motor Vehicle,339,2016-07
2016,7,License Plate Related Incidents,10,2016-07
2016,7,License Violation,49,2016-07
2016,7,Liquor Violation,16,2016-07
2016,7,Medical Assistance,617,2016-07
2016,7,Missing Person Located,154,2016-07
2016,7,Missing Person Reported,122,2016-07
2016,7,Motor Vehicle Accident Response,996,2016-07
2016,7,Offenses Against Child / Family,22,2016-07
2016,7,Operating Under the Influence,14,2016-07
2016,7,Other,454,2016-07
2016,7,Other Burglary,12,2016-07
2016,7,Police Service Incidents,61,2016-07
2016,7,Prisoner Related Incidents,7,2016-07
2016,7,Property Found,85,2016-07
2016,7,Property Lost,272,2016-07
2016,7,Property Related Damage,37,2016-07
2016,7,Prostitution,31,2016-07
2016,7,Recovered Stolen Property,48,2016-07
2016,7,Residential Burglary,149,2016-07
2016,7,Restraining Order Violations,44,2016-07
2016,7,Robbery,140,2016-07
2016,7,Search Warrants,18,2016-07
2016,7,Service,9,2016-07
2016,7,Simple Assault,371,2016-07
2016,7,Towed,267,2016-07
2016,7,Vandalism,457,2016-07
2016,7,Verbal Disputes,359,2016-07
2016,7,Violations,141,2016-07
2016,7,Warrant Arrests,278,2016-07
2016,8,Aggravated Assault,218,2016-08
2016,8,Arson,3,2016-08
2016,8,Assembly or Gathering Violations,19,2016-08
2016,8,Auto Theft,154,2016-08
2016,8,Auto Theft Recovery,21,2016-08
2016,8,Ballistics,24,2016-08
2016,8,Bomb Hoax,1,2016-08
2016,8,Commercial Burglary,25,2016-08
2016,8,Confidence Games,85,2016-08
2016,8,Counterfeiting,45,2016-08
2016,8,Criminal Harassment,1,2016-08
2016,8,Disorderly Conduct,65,2016-08
2016,8,Drug Violation,406,2016-08
2016,8,Embezzlement,6,2016-08
2016,8,Evading Fare,11,2016-08
2016,8,Fire Related Reports,47,2016-08
2016,8,Firearm Discovery,17,2016-08
2016,8,Firearm Violations,49,2016-08
2016,8,Fraud,175,2016-08
2016,8,Home Invasion,4,2016-08
2016,8,Human Trafficking - Involuntary Servitude,1,2016-08
2016,8,Harassment,132,2016-08
2016,8,Harbor Related Incidents,8,2016-08
2016,8,Homicide,6,2016-08
2016,8,Investigate Person,582,2016-08
2016,8,Investigate Property,305,2016-08
2016,8,Landlord/Tenant Disputes,26,2016-08
2016,8,Larceny,706,2016-08
2016,8,Larceny From Motor Vehicle,320,2016-08
2016,8,License Plate Related Incidents,17,2016-08
2016,8,License Violation,49,2016-08
2016,8,Liquor Violation,24,2016-08
2016,8,Medical Assistance,570,2016-08
2016,8,Missing Person Located,114,2016-08
2016,8,Missing Person Reported,110,2016-08
2016,8,Motor Vehicle Accident Response,1035,2016-08
2016,8,Offenses Against Child / Family,14,2016-08
2016,8,Operating Under the Influence,7,2016-08
2016,8,Other,512,2016-08
2016,8,Other Burglary,16,2016-08
2016,8,Police Service Incidents,35,2016-08
2016,8,Prisoner Related Incidents,8,2016-08
2016,8,Property Found,100,2016-08
2016,8,Property Lost,275,2016-08
2016,8,Property Related Damage,22,2016-08
2016,8,Prostitution,5,2016-08
2016,8,Recovered Stolen Property,53,2016-08
2016,8,Residential Burglary,160,2016-08
2016,8,Restraining Order Violations,64,2016-08
2016,8,Robbery,108,2016-08
2016,8,Search Warrants,17,2016-08
2016,8,Service,6,2016-08
2016,8,Simple Assault,414,2016-08
2016,8,Towed,350,2016-08
2016,8,Vandalism,507,2016-08
2016,8,Verbal Disputes,402,2016-08
2016,8,Violations,156,2016-08
2016,8,Warrant Arrests,328,2016-08
2016,9,Aggravated Assault,195,2016-09
2016,9,Arson,2,2016-09
2016,9,Assembly or Gathering Violations,41,2016-09
2016,9,Auto Theft,139,2016-09
2016,9,Auto Theft Recovery,30,2016-09
2016,9,Ballistics,33,2016-09
2016,9,Commercial Burglary,40,2016-09
2016,9,Confidence Games,87,2016-09
2016,9,Counterfeiting,49,2016-09
2016,9,Criminal Harassment,2,2016-09
2016,9,Disorderly Conduct,65,2016-09
2016,9,Drug Violation,409,2016-09
2016,9,Embezzlement,3,2016-09
2016,9,Evading Fare,9,2016-09
2016,9,Explosives,1,2016-09
2016,9,Fire Related Reports,50,2016-09
2016,9,Firearm Discovery,11,2016-09
2016,9,Firearm Violations,42,2016-09
2016,9,Fraud,161,2016-09
2016,9,Home Invasion,2,2016-09
2016,9,Human Trafficking,2,2016-09
2016,9,Harassment,157,2016-09
2016,9,Harbor Related Incidents,3,2016-09
2016,9,Homicide,4,2016-09
2016,9,Investigate Person,627,2016-09
2016,9,Investigate Property,337,2016-09
2016,9,Landlord/Tenant Disputes,25,2016-09
2016,9,Larceny,715,2016-09
2016,9,Larceny From Motor Vehicle,300,2016-09
2016,9,License Plate Related Incidents,15,2016-09
2016,9,License Violation,45,2016-09
2016,9,Liquor Violation,25,2016-09
2016,9,Medical Assistance,570,2016-09
2016,9,Missing Person Located,145,2016-09
2016,9,Missing Person Reported,120,2016-09
2016,9,Motor Vehicle Accident Response,977,2016-09
2016,9,Offenses Against Child / Family,12,2016-09
2016,9,Operating Under the Influence,20,2016-09
2016,9,Other,418,2016-09
2016,9,Other Burglary,14,2016-09
2016,9,Phone Call Complaints,1,2016-09
2016,9,Police Service Incidents,28,2016-09
2016,9,Prisoner Related Incidents,5,2016-09
2016,9,Property Found,88,2016-09
2016,9,Property Lost,281,2016-09
2016,9,Property Related Damage,30,2016-09
2016,9,Prostitution,2,2016-09
2016,9,Recovered Stolen Property,32,2016-09
2016,9,Residential Burglary,141,2016-09
2016,9,Restraining Order Violations,54,2016-09
2016,9,Robbery,118,2016-09
2016,9,Search Warrants,24,2016-09
2016,9,Service,8,2016-09
2016,9,Simple Assault,350,2016-09
2016,9,Towed,273,2016-09
2016,9,Vandalism,398,2016-09
2016,9,Verbal Disputes,368,2016-09
2016,9,Violations,160,2016-09
2016,9,Warrant Arrests,263,2016-09
2016,10,Aggravated Assault,197,2016-10
2016,10,Arson,1,2016-10
2016,10,Assembly or Gathering Violations,42,2016-10
2016,10,Auto Theft,132,2016-10
2016,10,Auto Theft Recovery,24,2016-10
2016,10,Ballistics,34,2016-10
2016,10,Commercial Burglary,63,2016-10
2016,10,Confidence Games,98,2016-10
2016,10,Counterfeiting,36,2016-10
2016,10,Criminal Harassment,3,2016-10
2016,10,Disorderly Conduct,78,2016-10
2016,10,Drug Violation,397,2016-10
2016,10,Embezzlement,7,2016-10
2016,10,Evading Fare,13,2016-10
2016,10,Explosives,1,2016-10
2016,10,Fire Related Reports,37,2016-10
2016,10,Firearm Discovery,9,2016-10
2016,10,Firearm Violations,56,2016-10
2016,10,Fraud,125,2016-10
2016,10,Home Invasion,3,2016-10
2016,10,Harassment,128,2016-10
2016,10,Harbor Related Incidents,4,2016-10
2016,10,Homicide,7,2016-10
2016,10,Investigate Person,546,2016-10
2016,10,Investigate Property,341,2016-10
2016,10,Landlord/Tenant Disputes,20,2016-10
2016,10,Larceny,663,2016-10
2016,10,Larceny From Motor Vehicle,304,2016-10
2016,10,License Plate Related Incidents,8,2016-10
2016,10,License Violation,69,2016-10
2016,10,Liquor Violation,26,2016-10
2016,10,Manslaughter,1,2016-10
2016,10,Medical Assistance,559,2016-10
2016,10,Missing Person Located,134,2016-10
2016,10,Missing Person Reported,108,2016-10
2016,10,Motor Vehicle Accident Response,1099,2016-10
2016,10,Offenses Against Child / Family,9,2016-10
2016,10,Operating Under the Influence,16,2016-10
2016,10,Other,452,2016-10
2016,10,Other Burglary,10,2016-10
2016,10,Police Service Incidents,34,2016-10
2016,10,Prisoner Related Incidents,6,2016-10
2016,10,Property Found,77,2016-10
2016,10,Property Lost,283,2016-10
2016,10,Property Related Damage,24,2016-10
2016,10,Prostitution,3,2016-10
2016,10,Recovered Stolen Property,38,2016-10
2016,10,Residential Burglary,140,2016-10
2016,10,Restraining Order Violations,44,2016-10
2016,10,Robbery,166,2016-10
2016,10,Search Warrants,29,2016-10
2016,10,Service,8,2016-10
2016,10,Simple Assault,405,2016-10
2016,10,Towed,310,2016-10
2016,10,Vandalism,406,2016-10
2016,10,Verbal Disputes,325,2016-10
2016,10,Violations,152,2016-10
2016,10,Warrant Arrests,276,2016-10
2016,11,Aggravated Assault,181,2016-11
2016,11,Arson,5,2016-11
2016,11,Assembly or Gathering Violations,35,2016-11
2016,11,Auto Theft,131,2016-11
2016,11,Auto Theft Recovery,31,2016-11
2016,11,Ballistics,26,2016-11
2016,11,Commercial Burglary,47,2016-11
2016,11,Confidence Games,76,2016-11
2016,11,Counterfeiting,36,2016-11
2016,11,Criminal Harassment,5,2016-11
2016,11,Disorderly Conduct,57,2016-11
2016,11,Drug Violation,341,2016-11
2016,11,Embezzlement,9,2016-11
2016,11,Evading Fare,9,2016-11
2016,11,Fire Related Reports,48,2016-11
2016,11,Firearm Discovery,10,2016-11
2016,11,Firearm Violations,29,2016-11
2016,11,Fraud,108,2016-11
2016,11,Home Invasion,4,2016-11
2016,11,Harassment,104,2016-11
2016,11,Harbor Related Incidents,1,2016-11
2016,11,Homicide,6,2016-11
2016,11,Investigate Person,548,2016-11
2016,11,Investigate Property,299,2016-11
2016,11,Landlord/Tenant Disputes,29,2016-11
2016,11,Larceny,636,2016-11
2016,11,Larceny From Motor Vehicle,332,2016-11
2016,11,License Plate Related Incidents,8,2016-11
2016,11,License Violation,38,2016-11
2016,11,Liquor Violation,23,2016-11
2016,11,Medical Assistance,590,2016-11
2016,11,Missing Person Located,140,2016-11
2016,11,Missing Person Reported,110,2016-11
2016,11,Motor Vehicle Accident Response,960,2016-11
2016,11,Offenses Against Child / Family,11,2016-11
2016,11,Operating Under the Influence,12,2016-11
2016,11,Other,368,2016-11
2016,11,Other Burglary,10,2016-11
2016,11,Police Service Incidents,31,2016-11
2016,11,Prisoner Related Incidents,5,2016-11
2016,11,Property Found,142,2016-11
2016,11,Property Lost,217,2016-11
2016,11,Property Related Damage,13,2016-11
2016,11,Recovered Stolen Property,31,2016-11
2016,11,Residential Burglary,113,2016-11
2016,11,Restraining Order Violations,56,2016-11
2016,11,Robbery,125,2016-11
2016,11,Search Warrants,16,2016-11
2016,11,Service,8,2016-11
2016,11,Simple Assault,385,2016-11
2016,11,Towed,278,2016-11
2016,11,Vandalism,405,2016-11
2016,11,Verbal Disputes,329,2016-11
2016,11,Violations,125,2016-11
2016,11,Warrant Arrests,232,2016-11
2016,12,Aggravated Assault,178,2016-12
2016,12,Aircraft,1,2016-12
2016,12,Arson,2,2016-12
2016,12,Assembly or Gathering Violations,14,2016-12
2016,12,Auto Theft,118,2016-12
2016,12,Auto Theft Recovery,25,2016-12
2016,12,Ballistics,20,2016-12
2016,12,Commercial Burglary,42,2016-12
2016,12,Confidence Games,89,2016-12
2016,12,Counterfeiting,37,2016-12
2016,12,Criminal Harassment,3,2016-12
2016,12,Disorderly Conduct,59,2016-12
2016,12,Drug Violation,255,2016-12
2016,12,Embezzlement,8,2016-12
2016,12,Evading Fare,9,2016-12
2016,12,Fire Related Reports,48,2016-12
2016,12,Firearm Discovery,16,2016-12
2016,12,Firearm Violations,38,2016-12
2016,12,Fraud,130,2016-12
2016,12,Home Invasion,6,2016-12
2016,12,Harassment,108,2016-12
2016,12,Harbor Related Incidents,3,2016-12
2016,12,Homicide,4,2016-12
2016,12,Investigate Person,589,2016-12
2016,12,Investigate Property,284,2016-12
2016,12,Landlord/Tenant Disputes,12,2016-12
2016,12,Larceny,689,2016-12
2016,12,Larceny From Motor Vehicle,270,2016-12
2016,12,License Plate Related Incidents,10,2016-12
2016,12,License Violation,28,2016-12
2016,12,Liquor Violation,13,2016-12
2016,12,Medical Assistance,589,2016-12
2016,12,Missing Person Located,115,2016-12
2016,12,Missing Person Reported,94,2016-12
2016,12,Motor Vehicle Accident Response,1062,2016-12
2016,12,Offenses Against Child / Family,12,2016-12
2016,12,Operating Under the Influence,10,2016-12
2016,12,Other,356,2016-12
2016,12,Other Burglary,15,2016-12
2016,12,Police Service Incidents,34,2016-12
2016,12,Prisoner Related Incidents,2,2016-12
2016,12,Property Found,74,2016-12
2016,12,Property Lost,236,2016-12
2016,12,Property Related Damage,19,2016-12
2016,12,Recovered Stolen Property,41,2016-12
2016,12,Residential Burglary,130,2016-12
2016,12,Restraining Order Violations,57,2016-12
2016,12,Robbery,154,2016-12
2016,12,Search Warrants,42,2016-12
2016,12,Service,7,2016-12
2016,12,Simple Assault,371,2016-12
2016,12,Towed,298,2016-12
2016,12,Vandalism,380,2016-12
2016,12,Verbal Disputes,364,2016-12
2016,12,Violations,139,2016-12
2016,12,Warrant Arrests,242,2016-12
2017,1,Aggravated Assault,183,2017-01
2017,1,Aircraft,3,2017-01
2017,1,Arson,2,2017-01
2017,1,Assembly or Gathering Violations,25,2017-01
2017,1,Auto Theft,132,2017-01
2017,1,Auto Theft Recovery,29,2017-01
2017,1,Ballistics,29,2017-01
2017,1,Commercial Burglary,38,2017-01
2017,1,Confidence Games,99,2017-01
2017,1,Counterfeiting,30,2017-01
2017,1,Criminal Harassment,6,2017-01
2017,1,Disorderly Conduct,53,2017-01
2017,1,Drug Violation,396,2017-01
2017,1,Embezzlement,5,2017-01
2017,1,Evading Fare,10,2017-01
2017,1,Explosives,1,2017-01
2017,1,Fire Related Reports,45,2017-01
2017,1,Firearm Discovery,22,2017-01
2017,1,Firearm Violations,46,2017-01
2017,1,Fraud,140,2017-01
2017,1,Home Invasion,2,2017-01
2017,1,Harassment,127,2017-01
2017,1,Harbor Related Incidents,7,2017-01
2017,1,Homicide,3,2017-01
2017,1,Investigate Person,339,2017-01
2017,1,Investigate Property,317,2017-01
2017,1,Landlord/Tenant Disputes,26,2017-01
2017,1,Larceny,634,2017-01
2017,1,Larceny From Motor Vehicle,270,2017-01
2017,1,License Plate Related Incidents,10,2017-01
2017,1,License Violation,30,2017-01
2017,1,Liquor Violation,15,2017-01
2017,1,Medical Assistance,633,2017-01
2017,1,Missing Person Located,128,2017-01
2017,1,Missing Person Reported,99,2017-01
2017,1,Motor Vehicle Accident Response,922,2017-01
2017,1,Offenses Against Child / Family,15,2017-01
2017,1,Operating Under the Influence,9,2017-01
2017,1,Other,411,2017-01
2017,1,Other Burglary,13,2017-01
2017,1,Phone Call Complaints,1,2017-01
2017,1,Police Service Incidents,50,2017-01
2017,1,Prisoner Related Incidents,7,2017-01
2017,1,Property Found,84,2017-01
2017,1,Property Lost,235,2017-01
2017,1,Property Related Damage,25,2017-01
2017,1,Prostitution,8,2017-01
2017,1,Recovered Stolen Property,32,2017-01
2017,1,Residential Burglary,126,2017-01
2017,1,Restraining Order Violations,46,2017-01
2017,1,Robbery,157,2017-01
2017,1,Search Warrants,35,2017-01
2017,1,Service,5,2017-01
2017,1,Simple Assault,384,2017-01
2017,1,Towed,290,2017-01
2017,1,Vandalism,392,2017-01
2017,1,Verbal Disputes,393,2017-01
2017,1,Violations,137,2017-01
2017,1,Warrant Arrests,282,2017-01
2017,2,Aggravated Assault,174,2017-02
2017,2,Aircraft,1,2017-02
2017,2,Assembly or Gathering Violations,22,2017-02
2017,2,Auto Theft,84,2017-02
2017,2,Auto Theft Recovery,30,2017-02
2017,2,Ballistics,23,2017-02
2017,2,Bomb Hoax,3,2017-02
2017,2,Commercial Burglary,28,2017-02
2017,2,Confidence Games,65,2017-02
2017,2,Counterfeiting,37,2017-02
2017,2,Disorderly Conduct,60,2017-02
2017,2,Drug Violation,310,2017-02
2017,2,Embezzlement,8,2017-02
2017,2,Evading Fare,8,2017-02
2017,2,Fire Related Reports,33,2017-02
2017,2,Firearm Discovery,14,2017-02
2017,2,Firearm Violations,34,2017-02
2017,2,Fraud,168,2017-02
2017,2,Home Invasion,3,2017-02
2017,2,Human Trafficking,1,2017-02
2017,2,Harassment,98,2017-02
2017,2,Harbor Related Incidents,11,2017-02
2017,2,Homicide,2,2017-02
2017,2,Investigate Person,369,2017-02
2017,2,Investigate Property,269,2017-02
2017,2,Landlord/Tenant Disputes,17,2017-02
2017,2,Larceny,545,2017-02
2017,2,Larceny From Motor Vehicle,222,2017-02
2017,2,License Plate Related Incidents,15,2017-02
2017,2,License Violation,39,2017-02
2017,2,Liquor Violation,30,2017-02
2017,2,Manslaughter,1,2017-02
2017,2,Medical Assistance,582,2017-02
2017,2,Missing Person Located,126,2017-02
2017,2,Missing Person Reported,90,2017-02
2017,2,Motor Vehicle Accident Response,950,2017-02
2017,2,Offenses Against Child / Family,14,2017-02
2017,2,Operating Under the Influence,12,2017-02
2017,2,Other,432,2017-02
2017,2,Other Burglary,4,2017-02
2017,2,Phone Call Complaints,1,2017-02
2017,2,Police Service Incidents,36,2017-02
2017,2,Prisoner Related Incidents,8,2017-02
2017,2,Property Found,90,2017-02
2017,2,Property Lost,217,2017-02
2017,2,Property Related Damage,22,2017-02
2017,2,Recovered Stolen Property,27,2017-02
2017,2,Residential Burglary,142,2017-02
2017,2,Restraining Order Violations,24,2017-02
2017,2,Robbery,106,2017-02
2017,2,Search Warrants,21,2017-02
2017,2,Service,1,2017-02
2017,2,Simple Assault,320,2017-02
2017,2,Towed,339,2017-02
2017,2,Vandalism,423,2017-02
2017,2,Verbal Disputes,358,2017-02
2017,2,Violations,128,2017-02
2017,2,Warrant Arrests,211,2017-02
2017,3,Aggravated Assault,174,2017-03
2017,3,Aircraft,5,2017-03
2017,3,Arson,5,2017-03
2017,3,Assembly or Gathering Violations,24,2017-03
2017,3,Auto Theft,79,2017-03
2017,3,Auto Theft Recovery,34,2017-03
2017,3,Ballistics,23,2017-03
2017,3,Bomb Hoax,1,2017-03
2017,3,Commercial Burglary,19,2017-03
2017,3,Confidence Games,75,2017-03
2017,3,Counterfeiting,29,2017-03
2017,3,Criminal Harassment,1,2017-03
2017,3,Disorderly Conduct,63,2017-03
2017,3,Drug Violation,512,2017-03
2017,3,Embezzlement,5,2017-03
2017,3,Evading Fare,12,2017-03
2017,3,Explosives,1,2017-03
2017,3,Fire Related Reports,50,2017-03
2017,3,Firearm Discovery,16,2017-03
2017,3,Firearm Violations,42,2017-03
2017,3,Fraud,164,2017-03
2017,3,Home Invasion,2,2017-03
2017,3,Harassment,96,2017-03
2017,3,Harbor Related Incidents,13,2017-03
2017,3,Homicide,1,2017-03
2017,3,Investigate Person,487,2017-03
2017,3,Investigate Property,326,2017-03
2017,3,Landlord/Tenant Disputes,16,2017-03
2017,3,Larceny,523,2017-03
2017,3,Larceny From Motor Vehicle,219,2017-03
2017,3,License Plate Related Incidents,18,2017-03
2017,3,License Violation,45,2017-03
2017,3,Liquor Violation,16,2017-03
2017,3,Medical Assistance,733,2017-03
2017,3,Missing Person Located,121,2017-03
2017,3,Missing Person Reported,85,2017-03
2017,3,Motor Vehicle Accident Response,1046,2017-03
2017,3,Offenses Against Child / Family,9,2017-03
2017,3,Operating Under the Influence,16,2017-03
2017,3,Other,417,2017-03
2017,3,Other Burglary,12,2017-03
2017,3,Police Service Incidents,37,2017-03
2017,3,Prisoner Related Incidents,6,2017-03
2017,3,Property Found,114,2017-03
2017,3,Property Lost,263,2017-03
2017,3,Property Related Damage,27,2017-03
2017,3,Prostitution,2,2017-03
2017,3,Recovered Stolen Property,31,2017-03
2017,3,Residential Burglary,119,2017-03
2017,3,Restraining Order Violations,49,2017-03
2017,3,Robbery,87,2017-03
2017,3,Search Warrants,40,2017-03
2017,3,Service,1,2017-03
2017,3,Simple Assault,375,2017-03
2017,3,Towed,324,2017-03
2017,3,Vandalism,372,2017-03
2017,3,Verbal Disputes,364,2017-03
2017,3,Violations,161,2017-03
2017,3,Warrant Arrests,272,2017-03
2017,4,Aggravated Assault,186,2017-04
2017,4,Arson,1,2017-04
2017,4,Assembly or Gathering Violations,19,2017-04
2017,4,Auto Theft,85,2017-04
2017,4,Auto Theft Recovery,32,2017-04
2017,4,Ballistics,23,2017-04
2017,4,Bomb Hoax,2,2017-04
2017,4,Commercial Burglary,49,2017-04
2017,4,Confidence Games,67,2017-04
2017,4,Counterfeiting,25,2017-04
2017,4,Criminal Harassment,2,2017-04
2017,4,Disorderly Conduct,93,2017-04
2017,4,Drug Violation,380,2017-04
2017,4,Embezzlement,7,2017-04
2017,4,Evading Fare,13,2017-04
2017,4,Fire Related Reports,52,2017-04
2017,4,Firearm Discovery,17,2017-04
2017,4,Firearm Violations,42,2017-04
2017,4,Fraud,140,2017-04
2017,4,Home Invasion,3,2017-04
2017,4,Human Trafficking - Involuntary Servitude,1,2017-04
2017,4,Harassment,143,2017-04
2017,4,Harbor Related Incidents,8,2017-04
2017,4,Homicide,6,2017-04
2017,4,Investigate Person,500,2017-04
2017,4,Investigate Property,295,2017-04
2017,4,Landlord/Tenant Disputes,19,2017-04
2017,4,Larceny,614,2017-04
2017,4,Larceny From Motor Vehicle,259,2017-04
2017,4,License Plate Related Incidents,18,2017-04
2017,4,License Violation,54,2017-04
2017,4,Liquor Violation,33,2017-04
2017,4,Medical Assistance,642,2017-04
2017,4,Missing Person Located,136,2017-04
2017,4,Missing Person Reported,87,2017-04
2017,4,Motor Vehicle Accident Response,986,2017-04
2017,4,Offenses Against Child / Family,8,2017-04
2017,4,Operating Under the Influence,19,2017-04
2017,4,Other,398,2017-04
2017,4,Other Burglary,13,2017-04
2017,4,Police Service Incidents,41,2017-04
2017,4,Prisoner Related Incidents,2,2017-04
2017,4,Property Found,108,2017-04
2017,4,Property Lost,259,2017-04
2017,4,Property Related Damage,20,2017-04
2017,4,Prostitution,1,2017-04
2017,4,Recovered Stolen Property,41,2017-04
2017,4,Residential Burglary,99,2017-04
2017,4,Restraining Order Violations,45,2017-04
2017,4,Robbery,94,2017-04
2017,4,Search Warrants,27,2017-04
2017,4,Service,5,2017-04
2017,4,Simple Assault,407,2017-04
2017,4,Towed,300,2017-04
2017,4,Vandalism,435,2017-04
2017,4,Verbal Disputes,352,2017-04
2017,4,Violations,116,2017-04
2017,4,Warrant Arrests,243,2017-04
2017,5,Aggravated Assault,212,2017-05
2017,5,Arson,2,2017-05
2017,5,Assembly or Gathering Violations,17,2017-05
2017,5,Auto Theft,112,2017-05
2017,5,Auto Theft Recovery,25,2017-05
2017,5,Ballistics,27,2017-05
2017,5,Bomb Hoax,1,2017-05
2017,5,Commercial Burglary,41,2017-05
2017,5,Confidence Games,83,2017-05
2017,5,Counterfeiting,44,2017-05
2017,5,Criminal Harassment,4,2017-05
2017,5,Disorderly Conduct,73,2017-05
2017,5,Drug Violation,435,2017-05
2017,5,Embezzlement,8,2017-05
2017,5,Evading Fare,10,2017-05
2017,5,Fire Related Reports,54,2017-05
2017,5,Firearm Discovery,18,2017-05
2017,5,Firearm Violations,51,2017-05
2017,5,Fraud,138,2017-05
2017,5,Home Invasion,5,2017-05
2017,5,Human Trafficking,1,2017-05
2017,5,Harassment,148,2017-05
2017,5,Harbor Related Incidents,7,2017-05
2017,5,Homicide,5,2017-05
2017,5,Investigate Person,567,2017-05
2017,5,Investigate Property,336,2017-05
2017,5,Landlord/Tenant Disputes,23,2017-05
2017,5,Larceny,603,2017-05
2017,5,Larceny From Motor Vehicle,255,2017-05
2017,5,License Plate Related Incidents,19,2017-05
2017,5,License Violation,52,2017-05
2017,5,Liquor Violation,38,2017-05
2017,5,Manslaughter,1,2017-05
2017,5,Medical Assistance,744,2017-05
2017,5,Missing Person Located,125,2017-05
2017,5,Missing Person Reported,95,2017-05
2017,5,Motor Vehicle Accident Response,1017,2017-05
2017,5,Offenses Against Child / Family,18,2017-05
2017,5,Operating Under the Influence,8,2017-05
2017,5,Other,452,2017-05
2017,5,Other Burglary,16,2017-05
2017,5,Police Service Incidents,32,2017-05
2017,5,Prisoner Related Incidents,8,2017-05
2017,5,Property Found,104,2017-05
2017,5,Property Lost,265,2017-05
2017,5,Property Related Damage,22,2017-05
2017,5,Prostitution,24,2017-05
2017,5,Recovered Stolen Property,38,2017-05
2017,5,Residential Burglary,126,2017-05
2017,5,Restraining Order Violations,49,2017-05
2017,5,Robbery,109,2017-05
2017,5,Search Warrants,22,2017-05
2017,5,Service,7,2017-05
2017,5,Simple Assault,439,2017-05
2017,5,Towed,365,2017-05
2017,5,Vandalism,428,2017-05
2017,5,Verbal Disputes,375,2017-05
2017,5,Violations,132,2017-05
2017,5,Warrant Arrests,286,2017-05
2017,6,Aggravated Assault,212,2017-06
2017,6,Aircraft,2,2017-06
2017,6,Arson,5,2017-06
2017,6,Assembly or Gathering Violations,9,2017-06
2017,6,Auto Theft,162,2017-06
2017,6,Auto Theft Recovery,27,2017-06
2017,6,Ballistics,40,2017-06
2017,6,Bomb Hoax,1,2017-06
2017,6,Commercial Burglary,41,2017-06
2017,6,Confidence Games,58,2017-06
2017,6,Counterfeiting,25,2017-06
2017,6,Criminal Harassment,1,2017-06
2017,6,Disorderly Conduct,82,2017-06
2017,6,Drug Violation,398,2017-06
2017,6,Embezzlement,8,2017-06
2017,6,Evading Fare,12,2017-06
2017,6,Explosives,3,2017-06
2017,6,Fire Related Reports,61,2017-06
2017,6,Firearm Discovery,15,2017-06
2017,6,Firearm Violations,39,2017-06
2017,6,Fraud,124,2017-06
2017,6,Gambling,1,2017-06
2017,6,Home Invasion,2,2017-06
2017,6,Harassment,169,2017-06
2017,6,Harbor Related Incidents,9,2017-06
2017,6,Homicide,4,2017-06
2017,6,Investigate Person,667,2017-06
2017,6,Investigate Property,403,2017-06
2017,6,Landlord/Tenant Disputes,27,2017-06
2017,6,Larceny,705,2017-06
2017,6,Larceny From Motor Vehicle,246,2017-06
2017,6,License Plate Related Incidents,19,2017-06
2017,6,License Violation,48,2017-06
2017,6,Liquor Violation,31,2017-06
2017,6,Manslaughter,1,2017-06
2017,6,Medical Assistance,676,2017-06
2017,6,Missing Person Located,131,2017-06
2017,6,Missing Person Reported,109,2017-06
2017,6,Motor Vehicle Accident Response,1071,2017-06
2017,6,Offenses Against Child / Family,18,2017-06
2017,6,Operating Under the Influence,15,2017-06
2017,6,Other,460,2017-06
2017,6,Other Burglary,9,2017-06
2017,6,Phone Call Complaints,1,2017-06
2017,6,Police Service Incidents,36,2017-06
2017,6,Prisoner Related Incidents,4,2017-06
2017,6,Property Found,104,2017-06
2017,6,Property Lost,306,2017-06
2017,6,Property Related Damage,19,2017-06
2017,6,Prostitution,1,2017-06
2017,6,Recovered Stolen Property,28,2017-06
2017,6,Residential Burglary,138,2017-06
2017,6,Restraining Order Violations,35,2017-06
2017,6,Robbery,109,2017-06
2017,6,Search Warrants,36,2017-06
2017,6,Service,10,2017-06
2017,6,Simple Assault,432,2017-06
2017,6,Towed,345,2017-06
2017,6,Vandalism,437,2017-06
2017,6,Verbal Disputes,376,2017-06
2017,6,Violations,117,2017-06
2017,6,Warrant Arrests,310,2017-06
2017,7,Aggravated Assault,229,2017-07
2017,7,Aircraft,3,2017-07
2017,7,Arson,2,2017-07
2017,7,Assembly or Gathering Violations,6,2017-07
2017,7,Auto Theft,154,2017-07
2017,7,Auto Theft Recovery,37,2017-07
2017,7,Ballistics,32,2017-07
2017,7,Commercial Burglary,30,2017-07
2017,7,Confidence Games,77,2017-07
2017,7,Counterfeiting,58,2017-07
2017,7,Criminal Harassment,2,2017-07
2017,7,Disorderly Conduct,62,2017-07
2017,7,Drug Violation,437,2017-07
2017,7,Embezzlement,13,2017-07
2017,7,Evading Fare,9,2017-07
2017,7,Explosives,1,2017-07
2017,7,Fire Related Reports,58,2017-07
2017,7,Firearm Discovery,18,2017-07
2017,7,Firearm Violations,35,2017-07
2017,7,Fraud,125,2017-07
2017,7,Home Invasion,2,2017-07
2017,7,Human Trafficking,2,2017-07
2017,7,Harassment,140,2017-07
2017,7,Harbor Related Incidents,15,2017-07
2017,7,Homicide,7,2017-07
2017,7,Investigate Person,618,2017-07
2017,7,Investigate Property,379,2017-07
2017,7,Landlord/Tenant Disputes,29,2017-07
2017,7,Larceny,749,2017-07
2017,7,Larceny From Motor Vehicle,324,2017-07
2017,7,License Plate Related Incidents,24,2017-07
2017,7,License Violation,35,2017-07
2017,7,Liquor Violation,34,2017-07
2017,7,Medical Assistance,633,2017-07
2017,7,Missing Person Located,112,2017-07
2017,7,Missing Person Reported,96,2017-07
2017,7,Motor Vehicle Accident Response,1011,2017-07
2017,7,Offenses Against Child / Family,16,2017-07
2017,7,Operating Under the Influence,10,2017-07
2017,7,Other,486,2017-07
2017,7,Other Burglary,10,2017-07
2017,7,Police Service Incidents,28,2017-07
2017,7,Prisoner Related Incidents,8,2017-07
2017,7,Property Found,144,2017-07
2017,7,Property Lost,266,2017-07
2017,7,Property Related Damage,31,2017-07
2017,7,Prostitution,33,2017-07
2017,7,Recovered Stolen Property,50,2017-07
2017,7,Residential Burglary,136,2017-07
2017,7,Restraining Order Violations,49,2017-07
2017,7,Robbery,111,2017-07
2017,7,Search Warrants,28,2017-07
2017,7,Service,16,2017-07
2017,7,Simple Assault,418,2017-07
2017,7,Towed,327,2017-07
2017,7,Vandalism,434,2017-07
2017,7,Verbal Disputes,443,2017-07
2017,7,Violations,153,2017-07
2017,7,Warrant Arrests,282,2017-07
2017,8,Aggravated Assault,234,2017-08
2017,8,Aircraft,4,2017-08
2017,8,Arson,6,2017-08
2017,8,Assembly or Gathering Violations,10,2017-08
2017,8,Auto Theft,148,2017-08
2017,8,Auto Theft Recovery,37,2017-08
2017,8,Ballistics,27,2017-08
2017,8,Commercial Burglary,51,2017-08
2017,8,Confidence Games,66,2017-08
2017,8,Counterfeiting,45,2017-08
2017,8,Criminal Harassment,1,2017-08
2017,8,Disorderly Conduct,84,2017-08
2017,8,Drug Violation,439,2017-08
2017,8,Embezzlement,12,2017-08
2017,8,Evading Fare,14,2017-08
2017,8,Fire Related Reports,57,2017-08
2017,8,Firearm Discovery,29,2017-08
2017,8,Firearm Violations,43,2017-08
2017,8,Fraud,152,2017-08
2017,8,Gambling,1,2017-08
2017,8,Human Trafficking,1,2017-08
2017,8,Harassment,131,2017-08
2017,8,Harbor Related Incidents,11,2017-08
2017,8,Homicide,6,2017-08
2017,8,Investigate Person,588,2017-08
2017,8,Investigate Property,336,2017-08
2017,8,Landlord/Tenant Disputes,28,2017-08
2017,8,Larceny,781,2017-08
2017,8,Larceny From Motor Vehicle,321,2017-08
2017,8,License Plate Related Incidents,21,2017-08
2017,8,License Violation,39,2017-08
2017,8,Liquor Violation,43,2017-08
2017,8,Medical Assistance,641,2017-08
2017,8,Missing Person Located,114,2017-08
2017,8,Missing Person Reported,98,2017-08
2017,8,Motor Vehicle Accident Response,1035,2017-08
2017,8,Offenses Against Child / Family,13,2017-08
2017,8,Operating Under the Influence,14,2017-08
2017,8,Other,486,2017-08
2017,8,Other Burglary,16,2017-08
2017,8,Police Service Incidents,30,2017-08
2017,8,Prisoner Related Incidents,9,2017-08
2017,8,Property Found,132,2017-08
2017,8,Property Lost,305,2017-08
2017,8,Property Related Damage,22,2017-08
2017,8,Prostitution,9,2017-08
2017,8,Recovered Stolen Property,51,2017-08
2017,8,Residential Burglary,120,2017-08
2017,8,Restraining Order Violations,48,2017-08
2017,8,Robbery,121,2017-08
2017,8,Search Warrants,24,2017-08
2017,8,Service,14,2017-08
2017,8,Simple Assault,448,2017-08
2017,8,Towed,374,2017-08
2017,8,Vandalism,461,2017-08
2017,8,Verbal Disputes,421,2017-08
2017,8,Violations,157,2017-08
2017,8,Warrant Arrests,280,2017-08
2017,9,Aggravated Assault,241,2017-09
2017,9,Arson,3,2017-09
2017,9,Assembly or Gathering Violations,42,2017-09
2017,9,Auto Theft,109,2017-09
2017,9,Auto Theft Recovery,36,2017-09
2017,9,Ballistics,34,2017-09
2017,9,Biological Threat,1,2017-09
2017,9,Bomb Hoax,1,2017-09
2017,9,Commercial Burglary,51,2017-09
2017,9,Confidence Games,78,2017-09
2017,9,Counterfeiting,42,2017-09
2017,9,Criminal Harassment,3,2017-09
2017,9,Disorderly Conduct,82,2017-09
2017,9,Drug Violation,371,2017-09
2017,9,Embezzlement,6,2017-09
2017,9,Evading Fare,6,2017-09
2017,9,Fire Related Reports,48,2017-09
2017,9,Firearm Discovery,18,2017-09
2017,9,Firearm Violations,44,2017-09
2017,9,Fraud,159,2017-09
2017,9,Gambling,1,2017-09
2017,9,Home Invasion,3,2017-09
2017,9,Harassment,108,2017-09
2017,9,Harbor Related Incidents,5,2017-09
2017,9,Homicide,6,2017-09
2017,9,Investigate Person,665,2017-09
2017,9,Investigate Property,334,2017-09
2017,9,Landlord/Tenant Disputes,25,2017-09
2017,9,Larceny,683,2017-09
2017,9,Larceny From Motor Vehicle,304,2017-09
2017,9,License Plate Related Incidents,18,2017-09
2017,9,License Violation,44,2017-09
2017,9,Liquor Violation,33,2017-09
2017,9,Medical Assistance,683,2017-09
2017,9,Missing Person Located,129,2017-09
2017,9,Missing Person Reported,110,2017-09
2017,9,Motor Vehicle Accident Response,1038,2017-09
2017,9,Offenses Against Child / Family,15,2017-09
2017,9,Operating Under the Influence,16,2017-09
2017,9,Other,532,2017-09
2017,9,Other Burglary,17,2017-09
2017,9,Police Service Incidents,39,2017-09
2017,9,Prisoner Related Incidents,6,2017-09
2017,9,Property Found,107,2017-09
2017,9,Property Lost,256,2017-09
2017,9,Property Related Damage,22,2017-09
2017,9,Prostitution,7,2017-09
2017,9,Recovered Stolen Property,48,2017-09
2017,9,Residential Burglary,152,2017-09
2017,9,Restraining Order Violations,68,2017-09
2017,9,Robbery,127,2017-09
2017,9,Search Warrants,42,2017-09
2017,9,Service,10,2017-09
2017,9,Simple Assault,402,2017-09
2017,9,Towed,346,2017-09
2017,9,Vandalism,377,2017-09
2017,9,Verbal Disputes,362,2017-09
2017,9,Violations,136,2017-09
2017,9,Warrant Arrests,299,2017-09
2017,10,Aggravated Assault,197,2017-10
2017,10,Aircraft,3,2017-10
2017,10,Arson,1,2017-10
2017,10,Assembly or Gathering Violations,38,2017-10
2017,10,Auto Theft,106,2017-10
2017,10,Auto Theft Recovery,25,2017-10
2017,10,Ballistics,31,2017-10
2017,10,Bomb Hoax,1,2017-10
2017,10,Commercial Burglary,43,2017-10
2017,10,Confidence Games,80,2017-10
2017,10,Counterfeiting,52,2017-10
2017,10,Criminal Harassment,2,2017-10
2017,10,Disorderly Conduct,97,2017-10
2017,10,Drug Violation,412,2017-10
2017,10,Embezzlement,10,2017-10
2017,10,Evading Fare,11,2017-10
2017,10,Explosives,1,2017-10
2017,10,Fire Related Reports,38,2017-10
2017,10,Firearm Discovery,15,2017-10
2017,10,Firearm Violations,29,2017-10
2017,10,Fraud,142,2017-10
2017,10,Home Invasion,4,2017-10
2017,10,Harassment,131,2017-10
2017,10,Harbor Related Incidents,11,2017-10
2017,10,Homicide,4,2017-10
2017,10,Investigate Person,640,2017-10
2017,10,Investigate Property,371,2017-10
2017,10,Landlord/Tenant Disputes,20,2017-10
2017,10,Larceny,708,2017-10
2017,10,Larceny From Motor Vehicle,312,2017-10
2017,10,License Plate Related Incidents,15,2017-10
2017,10,License Violation,41,2017-10
2017,10,Liquor Violation,34,2017-10
2017,10,Medical Assistance,649,2017-10
2017,10,Missing Person Located,145,2017-10
2017,10,Missing Person Reported,115,2017-10
2017,10,Motor Vehicle Accident Response,1066,2017-10
2017,10,Offenses Against Child / Family,15,2017-10
2017,10,Operating Under the Influence,13,2017-10
2017,10,Other,476,2017-10
2017,10,Other Burglary,6,2017-10
2017,10,Police Service Incidents,35,2017-10
2017,10,Prisoner Related Incidents,2,2017-10
2017,10,Property Found,108,2017-10
2017,10,Property Lost,252,2017-10
2017,10,Property Related Damage,42,2017-10
2017,10,Recovered Stolen Property,42,2017-10
2017,10,Residential Burglary,158,2017-10
2017,10,Restraining Order Violations,34,2017-10
2017,10,Robbery,119,2017-10
2017,10,Search Warrants,26,2017-10
2017,10,Service,9,2017-10
2017,10,Simple Assault,439,2017-10
2017,10,Towed,336,2017-10
2017,10,Vandalism,420,2017-10
2017,10,Verbal Disputes,356,2017-10
2017,10,Violations,127,2017-10
2017,10,Warrant Arrests,238,2017-10
2017,11,Aggravated Assault,180,2017-11
2017,11,Aircraft,1,2017-11
2017,11,Arson,1,2017-11
2017,11,Assembly or Gathering Violations,18,2017-11
2017,11,Auto Theft,106,2017-11
2017,11,Auto Theft Recovery,26,2017-11
2017,11,Ballistics,23,2017-11
2017,11,Bomb Hoax,1,2017-11
2017,11,Commercial Burglary,23,2017-11
2017,11,Confidence Games,73,2017-11
2017,11,Counterfeiting,33,2017-11
2017,11,Criminal Harassment,5,2017-11
2017,11,Disorderly Conduct,55,2017-11
2017,11,Drug Violation,391,2017-11
2017,11,Embezzlement,15,2017-11
2017,11,Evading Fare,4,2017-11
2017,11,Fire Related Reports,49,2017-11
2017,11,Firearm Discovery,15,2017-11
2017,11,Firearm Violations,47,2017-11
2017,11,Fraud,160,2017-11
2017,11,Gambling,3,2017-11
2017,11,Home Invasion,4,2017-11
2017,11,Harassment,110,2017-11
2017,11,Harbor Related Incidents,1,2017-11
2017,11,Homicide,4,2017-11
2017,11,Investigate Person,651,2017-11
2017,11,Investigate Property,313,2017-11
2017,11,Landlord/Tenant Disputes,29,2017-11
2017,11,Larceny,613,2017-11
2017,11,Larceny From Motor Vehicle,227,2017-11
2017,11,License Plate Related Incidents,9,2017-11
2017,11,License Violation,39,2017-11
2017,11,Liquor Violation,28,2017-11
2017,11,Medical Assistance,615,2017-11
2017,11,Missing Person Located,121,2017-11
2017,11,Missing Person Reported,98,2017-11
2017,11,Motor Vehicle Accident Response,926,2017-11
2017,11,Offenses Against Child / Family,7,2017-11
2017,11,Operating Under the Influence,13,2017-11
2017,11,Other,410,2017-11
2017,11,Other Burglary,10,2017-11
2017,11,Phone Call Complaints,1,2017-11
2017,11,Police Service Incidents,27,2017-11
2017,11,Prisoner Related Incidents,11,2017-11
2017,11,Property Found,102,2017-11
2017,11,Property Lost,230,2017-11
2017,11,Property Related Damage,17,2017-11
2017,11,Prostitution,1,2017-11
2017,11,Recovered Stolen Property,43,2017-11
2017,11,Residential Burglary,110,2017-11
2017,11,Restraining Order Violations,39,2017-11
2017,11,Robbery,111,2017-11
2017,11,Search Warrants,31,2017-11
2017,11,Service,4,2017-11
2017,11,Simple Assault,424,2017-11
2017,11,Towed,300,2017-11
2017,11,Vandalism,357,2017-11
2017,11,Verbal Disputes,299,2017-11
2017,11,Violations,145,2017-11
2017,11,Warrant Arrests,234,2017-11
2017,12,Aggravated Assault,183,2017-12
2017,12,Arson,4,2017-12
2017,12,Assembly or Gathering Violations,13,2017-12
2017,12,Auto Theft,116,2017-12
2017,12,Auto Theft Recovery,33,2017-12
2017,12,Ballistics,27,2017-12
2017,12,Biological Threat,1,2017-12
2017,12,Commercial Burglary,18,2017-12
2017,12,Confidence Games,69,2017-12
2017,12,Counterfeiting,37,2017-12
2017,12,Criminal Harassment,1,2017-12
2017,12,Disorderly Conduct,48,2017-12
2017,12,Drug Violation,280,2017-12
2017,12,Embezzlement,11,2017-12
2017,12,Evading Fare,7,2017-12
2017,12,Fire Related Reports,44,2017-12
2017,12,Firearm Discovery,15,2017-12
2017,12,Firearm Violations,36,2017-12
2017,12,Fraud,126,2017-12
2017,12,Home Invasion,2,2017-12
2017,12,Harassment,78,2017-12
2017,12,Harbor Related Incidents,3,2017-12
2017,12,Homicide,6,2017-12
2017,12,Investigate Person,568,2017-12
2017,12,Investigate Property,294,2017-12
2017,12,Landlord/Tenant Disputes,18,2017-12
2017,12,Larceny,654,2017-12
2017,12,Larceny From Motor Vehicle,229,2017-12
2017,12,License Plate Related Incidents,13,2017-12
2017,12,License Violation,35,2017-12
2017,12,Liquor Violation,23,2017-12
2017,12,Manslaughter,1,2017-12
2017,12,Medical Assistance,586,2017-12
2017,12,Missing Person Located,107,2017-12
2017,12,Missing Person Reported,84,2017-12
2017,12,Motor Vehicle Accident Response,981,2017-12
2017,12,Offenses Against Child / Family,13,2017-12
2017,12,Operating Under the Influence,21,2017-12
2017,12,Other,363,2017-12
2017,12,Other Burglary,7,2017-12
2017,12,Police Service Incidents,32,2017-12
2017,12,Prisoner Related Incidents,4,2017-12
2017,12,Property Found,104,2017-12
2017,12,Property Lost,267,2017-12
2017,12,Property Related Damage,18,2017-12
2017,12,Prostitution,1,2017-12
2017,12,Recovered Stolen Property,33,2017-12
2017,12,Residential Burglary,102,2017-12
2017,12,Restraining Order Violations,36,2017-12
2017,12,Robbery,125,2017-12
2017,12,Search Warrants,15,2017-12
2017,12,Service,6,2017-12
2017,12,Simple Assault,410,2017-12
2017,12,Towed,305,2017-12
2017,12,Vandalism,302,2017-12
2017,12,Verbal Disputes,338,2017-12
2017,12,Violations,106,2017-12
2017,12,Warrant Arrests,183,2017-12
2018,1,Aggravated Assault,177,2018-01
2018,1,Aircraft,1,2018-01
2018,1,Arson,3,2018-01
2018,1,Assembly or Gathering Violations,15,2018-01
2018,1,Auto Theft,104,2018-01
2018,1,Auto Theft Recovery,40,2018-01
2018,1,Ballistics,15,2018-01
2018,1,Bomb Hoax,1,2018-01
2018,1,Commercial Burglary,26,2018-01
2018,1,Confidence Games,50,2018-01
2018,1,Counterfeiting,29,2018-01
2018,1,Criminal Harassment,1,2018-01
2018,1,Disorderly Conduct,63,2018-01
2018,1,Drug Violation,370,2018-01
2018,1,Embezzlement,8,2018-01
2018,1,Evading Fare,8,2018-01
2018,1,Fire Related Reports,55,2018-01
2018,1,Firearm Discovery,19,2018-01
2018,1,Firearm Violations,39,2018-01
2018,1,Fraud,139,2018-01
2018,1,Home Invasion,2,2018-01
2018,1,Harassment,106,2018-01
2018,1,Harbor Related Incidents,6,2018-01
2018,1,Homicide,5,2018-01
2018,1,Investigate Person,434,2018-01
2018,1,Investigate Property,257,2018-01
2018,1,Landlord/Tenant Disputes,31,2018-01
2018,1,Larceny,604,2018-01
2018,1,Larceny From Motor Vehicle,248,2018-01
2018,1,License Plate Related Incidents,19,2018-01
2018,1,License Violation,61,2018-01
2018,1,Liquor Violation,16,2018-01
2018,1,Medical Assistance,638,2018-01
2018,1,Missing Person Located,122,2018-01
2018,1,Missing Person Reported,74,2018-01
2018,1,Motor Vehicle Accident Response,986,2018-01
2018,1,Offenses Against Child / Family,4,2018-01
2018,1,Operating Under the Influence,13,2018-01
2018,1,Other,579,2018-01
2018,1,Other Burglary,8,2018-01
2018,1,Phone Call Complaints,3,2018-01
2018,1,Police Service Incidents,93,2018-01
2018,1,Prisoner Related Incidents,8,2018-01
2018,1,Property Found,86,2018-01
2018,1,Property Lost,203,2018-01
2018,1,Property Related Damage,25,2018-01
2018,1,Prostitution,2,2018-01
2018,1,Recovered Stolen Property,38,2018-01
2018,1,Residential Burglary,99,2018-01
2018,1,Restraining Order Violations,43,2018-01
2018,1,Robbery,113,2018-01
2018,1,Search Warrants,22,2018-01
2018,1,Service,2,2018-01
2018,1,Simple Assault,449,2018-01
2018,1,Towed,209,2018-01
2018,1,Vandalism,357,2018-01
2018,1,Verbal Disputes,370,2018-01
2018,1,Violations,123,2018-01
2018,1,Warrant Arrests,174,2018-01
2018,2,Aggravated Assault,180,2018-02
2018,2,Assembly or Gathering Violations,22,2018-02
2018,2,Auto Theft,72,2018-02
2018,2,Auto Theft Recovery,18,2018-02
2018,2,Ballistics,13,2018-02
2018,2,Bomb Hoax,1,2018-02
2018,2,Commercial Burglary,21,2018-02
2018,2,Confidence Games,62,2018-02
2018,2,Counterfeiting,31,2018-02
2018,2,Criminal Harassment,4,2018-02
2018,2,Disorderly Conduct,48,2018-02
2018,2,Drug Violation,385,2018-02
2018,2,Embezzlement,5,2018-02
2018,2,Evading Fare,10,2018-02
2018,2,Fire Related Reports,47,2018-02
2018,2,Firearm Discovery,9,2018-02
2018,2,Firearm Violations,42,2018-02
2018,2,Fraud,139,2018-02
2018,2,Home Invasion,2,2018-02
2018,2,Harassment,75,2018-02
2018,2,Harbor Related Incidents,3,2018-02
2018,2,Homicide,4,2018-02
2018,2,Investigate Person,419,2018-02
2018,2,Investigate Property,268,2018-02
2018,2,Landlord/Tenant Disputes,26,2018-02
2018,2,Larceny,528,2018-02
2018,2,Larceny From Motor Vehicle,187,2018-02
2018,2,License Plate Related Incidents,16,2018-02
2018,2,License Violation,65,2018-02
2018,2,Liquor Violation,29,2018-02
2018,2,Medical Assistance,599,2018-02
2018,2,Missing Person Located,111,2018-02
2018,2,Missing Person Reported,71,2018-02
2018,2,Motor Vehicle Accident Response,760,2018-02
2018,2,Offenses Against Child / Family,15,2018-02
2018,2,Operating Under the Influence,11,2018-02
2018,2,Other,419,2018-02
2018,2,Other Burglary,8,2018-02
2018,2,Phone Call Complaints,3,2018-02
2018,2,Police Service Incidents,95,2018-02
2018,2,Prisoner Related Incidents,12,2018-02
2018,2,Property Found,72,2018-02
2018,2,Property Lost,251,2018-02
2018,2,Property Related Damage,16,2018-02
2018,2,Prostitution,1,2018-02
2018,2,Recovered Stolen Property,30,2018-02
2018,2,Residential Burglary,108,2018-02
2018,2,Restraining Order Violations,36,2018-02
2018,2,Robbery,106,2018-02
2018,2,Search Warrants,16,2018-02
2018,2,Service,5,2018-02
2018,2,Simple Assault,340,2018-02
2018,2,Towed,235,2018-02
2018,2,Vandalism,284,2018-02
2018,2,Verbal Disputes,313,2018-02
2018,2,Violations,165,2018-02
2018,2,Warrant Arrests,130,2018-02
2018,3,Aggravated Assault,179,2018-03
2018,3,Aircraft,1,2018-03
2018,3,Arson,1,2018-03
2018,3,Assembly or Gathering Violations,17,2018-03
2018,3,Auto Theft,79,2018-03
2018,3,Auto Theft Recovery,24,2018-03
2018,3,Ballistics,16,2018-03
2018,3,Bomb Hoax,1,2018-03
2018,3,Commercial Burglary,20,2018-03
2018,3,Confidence Games,70,2018-03
2018,3,Counterfeiting,29,2018-03
2018,3,Criminal Harassment,6,2018-03
2018,3,Disorderly Conduct,64,2018-03
2018,3,Drug Violation,408,2018-03
2018,3,Embezzlement,4,2018-03
2018,3,Evading Fare,9,2018-03
2018,3,Fire Related Reports,41,2018-03
2018,3,Firearm Discovery,8,2018-03
2018,3,Firearm Violations,35,2018-03
2018,3,Fraud,160,2018-03
2018,3,Harassment,97,2018-03
2018,3,Harbor Related Incidents,3,2018-03
2018,3,Homicide,3,2018-03
2018,3,Investigate Person,408,2018-03
2018,3,Investigate Property,310,2018-03
2018,3,Landlord/Tenant Disputes,22,2018-03
2018,3,Larceny,574,2018-03
2018,3,Larceny From Motor Vehicle,201,2018-03
2018,3,License Plate Related Incidents,22,2018-03
2018,3,License Violation,56,2018-03
2018,3,Liquor Violation,27,2018-03
2018,3,Medical Assistance,663,2018-03
2018,3,Missing Person Located,117,2018-03
2018,3,Missing Person Reported,78,2018-03
2018,3,Motor Vehicle Accident Response,994,2018-03
2018,3,Offenses Against Child / Family,22,2018-03
2018,3,Operating Under the Influence,16,2018-03
2018,3,Other,457,2018-03
2018,3,Other Burglary,9,2018-03
2018,3,Police Service Incidents,96,2018-03
2018,3,Prisoner Related Incidents,9,2018-03
2018,3,Property Found,118,2018-03
2018,3,Property Lost,292,2018-03
2018,3,Property Related Damage,53,2018-03
2018,3,Recovered Stolen Property,31,2018-03
2018,3,Residential Burglary,97,2018-03
2018,3,Restraining Order Violations,33,2018-03
2018,3,Robbery,86,2018-03
2018,3,Search Warrants,22,2018-03
2018,3,Service,4,2018-03
2018,3,Simple Assault,370,2018-03
2018,3,Towed,348,2018-03
2018,3,Vandalism,319,2018-03
2018,3,Verbal Disputes,354,2018-03
2018,3,Violations,152,2018-03
2018,3,Warrant Arrests,143,2018-03
2018,4,Aggravated Assault,198,2018-04
2018,4,Arson,3,2018-04
2018,4,Assembly or Gathering Violations,22,2018-04
2018,4,Auto Theft,94,2018-04
2018,4,Auto Theft Recovery,31,2018-04
2018,4,Ballistics,13,2018-04
2018,4,Bomb Hoax,1,2018-04
2018,4,Commercial Burglary,27,2018-04
2018,4,Confidence Games,79,2018-04
2018,4,Counterfeiting,27,2018-04
2018,4,Criminal Harassment,3,2018-04
2018,4,Disorderly Conduct,61,2018-04
2018,4,Drug Violation,387,2018-04
2018,4,Embezzlement,5,2018-04
2018,4,Evading Fare,14,2018-04
2018,4,Fire Related Reports,55,2018-04
2018,4,Firearm Discovery,13,2018-04
2018,4,Firearm Violations,56,2018-04
2018,4,Fraud,182,2018-04
2018,4,Home Invasion,4,2018-04
2018,4,Harassment,125,2018-04
2018,4,Harbor Related Incidents,5,2018-04
2018,4,Homicide,4,2018-04
2018,4,Investigate Person,423,2018-04
2018,4,Investigate Property,316,2018-04
2018,4,Landlord/Tenant Disputes,23,2018-04
2018,4,Larceny,613,2018-04
2018,4,Larceny From Motor Vehicle,220,2018-04
2018,4,License Plate Related Incidents,16,2018-04
2018,4,License Violation,74,2018-04
2018,4,Liquor Violation,21,2018-04
2018,4,Medical Assistance,726,2018-04
2018,4,Missing Person Located,131,2018-04
2018,4,Missing Person Reported,96,2018-04
2018,4,Motor Vehicle Accident Response,878,2018-04
2018,4,Offenses Against Child / Family,10,2018-04
2018,4,Operating Under the Influence,15,2018-04
2018,4,Other,451,2018-04
2018,4,Other Burglary,11,2018-04
2018,4,Phone Call Complaints,1,2018-04
2018,4,Police Service Incidents,101,2018-04
2018,4,Prisoner Related Incidents,7,2018-04
2018,4,Property Found,113,2018-04
2018,4,Property Lost,281,2018-04
2018,4,Property Related Damage,14,2018-04
2018,4,Recovered Stolen Property,36,2018-04
2018,4,Residential Burglary,99,2018-04
2018,4,Restraining Order Violations,31,2018-04
2018,4,Robbery,84,2018-04
2018,4,Search Warrants,27,2018-04
2018,4,Service,10,2018-04
2018,4,Simple Assault,438,2018-04
2018,4,Towed,321,2018-04
2018,4,Vandalism,281,2018-04
2018,4,Verbal Disputes,346,2018-04
2018,4,Violations,162,2018-04
2018,4,Warrant Arrests,150,2018-04
2018,5,Aggravated Assault,244,2018-05
2018,5,Aircraft,3,2018-05
2018,5,Assembly or Gathering Violations,13,2018-05
2018,5,Auto Theft,121,2018-05
2018,5,Auto Theft Recovery,28,2018-05
2018,5,Ballistics,26,2018-05
2018,5,Bomb Hoax,1,2018-05
2018,5,Commercial Burglary,39,2018-05
2018,5,Confidence Games,71,2018-05
2018,5,Counterfeiting,34,2018-05
2018,5,Criminal Harassment,5,2018-05
2018,5,Disorderly Conduct,57,2018-05
2018,5,Drug Violation,410,2018-05
2018,5,Embezzlement,7,2018-05
2018,5,Evading Fare,13,2018-05
2018,5,Explosives,1,2018-05
2018,5,Fire Related Reports,53,2018-05
2018,5,Firearm Discovery,16,2018-05
2018,5,Firearm Violations,48,2018-05
2018,5,Fraud,183,2018-05
2018,5,Home Invasion,2,2018-05
2018,5,Harassment,114,2018-05
2018,5,Harbor Related Incidents,1,2018-05
2018,5,Homicide,4,2018-05
2018,5,Investigate Person,497,2018-05
2018,5,Investigate Property,364,2018-05
2018,5,Landlord/Tenant Disputes,29,2018-05
2018,5,Larceny,685,2018-05
2018,5,Larceny From Motor Vehicle,262,2018-05
2018,5,License Plate Related Incidents,16,2018-05
2018,5,License Violation,31,2018-05
2018,5,Liquor Violation,22,2018-05
2018,5,Medical Assistance,807,2018-05
2018,5,Missing Person Located,145,2018-05
2018,5,Missing Person Reported,100,2018-05
2018,5,Motor Vehicle Accident Response,991,2018-05
2018,5,Offenses Against Child / Family,15,2018-05
2018,5,Operating Under the Influence,17,2018-05
2018,5,Other,545,2018-05
2018,5,Other Burglary,18,2018-05
2018,5,Phone Call Complaints,3,2018-05
2018,5,Police Service Incidents,90,2018-05
2018,5,Prisoner Related Incidents,6,2018-05
2018,5,Property Found,125,2018-05
2018,5,Property Lost,311,2018-05
2018,5,Property Related Damage,18,2018-05
2018,5,Recovered Stolen Property,43,2018-05
2018,5,Residential Burglary,106,2018-05
2018,5,Restraining Order Violations,37,2018-05
2018,5,Robbery,100,2018-05
2018,5,Search Warrants,15,2018-05
2018,5,Service,10,2018-05
2018,5,Simple Assault,554,2018-05
2018,5,Towed,367,2018-05
2018,5,Vandalism,394,2018-05
2018,5,Verbal Disputes,402,2018-05
2018,5,Violations,159,2018-05
2018,5,Warrant Arrests,161,2018-05
2018,6,Aggravated Assault,242,2018-06
2018,6,Arson,5,2018-06
2018,6,Assembly or Gathering Violations,18,2018-06
2018,6,Auto Theft,155,2018-06
2018,6,Auto Theft Recovery,33,2018-06
2018,6,Ballistics,36,2018-06
2018,6,Bomb Hoax,1,2018-06
2018,6,Commercial Burglary,36,2018-06
2018,6,Confidence Games,72,2018-06
2018,6,Counterfeiting,30,2018-06
2018,6,Criminal Harassment,1,2018-06
2018,6,Disorderly Conduct,54,2018-06
2018,6,Drug Violation,424,2018-06
2018,6,Embezzlement,6,2018-06
2018,6,Evading Fare,9,2018-06
2018,6,Fire Related Reports,44,2018-06
2018,6,Firearm Discovery,17,2018-06
2018,6,Firearm Violations,46,2018-06
2018,6,Fraud,171,2018-06
2018,6,Home Invasion,3,2018-06
2018,6,Harassment,97,2018-06
2018,6,Harbor Related Incidents,2,2018-06
2018,6,Homicide,4,2018-06
2018,6,Investigate Person,429,2018-06
2018,6,Investigate Property,378,2018-06
2018,6,Landlord/Tenant Disputes,24,2018-06
2018,6,Larceny,673,2018-06
2018,6,Larceny From Motor Vehicle,302,2018-06
2018,6,License Plate Related Incidents,11,2018-06
2018,6,License Violation,35,2018-06
2018,6,Liquor Violation,37,2018-06
2018,6,Medical Assistance,790,2018-06
2018,6,Missing Person Located,141,2018-06
2018,6,Missing Person Reported,94,2018-06
2018,6,Motor Vehicle Accident Response,1064,2018-06
2018,6,Offenses Against Child / Family,14,2018-06
2018,6,Operating Under the Influence,12,2018-06
2018,6,Other,453,2018-06
2018,6,Other Burglary,10,2018-06
2018,6,Phone Call Complaints,1,2018-06
2018,6,Police Service Incidents,113,2018-06
2018,6,Prisoner Related Incidents,4,2018-06
2018,6,Property Found,105,2018-06
2018,6,Property Lost,324,2018-06
2018,6,Property Related Damage,22,2018-06
2018,6,Prostitution,1,2018-06
2018,6,Recovered Stolen Property,48,2018-06
2018,6,Residential Burglary,137,2018-06
2018,6,Restraining Order Violations,30,2018-06
2018,6,Robbery,112,2018-06
2018,6,Search Warrants,24,2018-06
2018,6,Service,14,2018-06
2018,6,Simple Assault,516,2018-06
2018,6,Towed,365,2018-06
2018,6,Vandalism,406,2018-06
2018,6,Verbal Disputes,394,2018-06
2018,6,Violations,151,2018-06
2018,6,Warrant Arrests,143,2018-06
2018,7,Aggravated Assault,235,2018-07
2018,7,Aircraft,1,2018-07
2018,7,Arson,2,2018-07
2018,7,Assembly or Gathering Violations,26,2018-07
2018,7,Auto Theft,145,2018-07
2018,7,Auto Theft Recovery,27,2018-07
2018,7,Ballistics,29,2018-07
2018,7,Bomb Hoax,1,2018-07
2018,7,Commercial Burglary,29,2018-07
2018,7,Confidence Games,61,2018-07
2018,7,Counterfeiting,34,2018-07
2018,7,Criminal Harassment,5,2018-07
2018,7,Disorderly Conduct,47,2018-07
2018,7,Drug Violation,441,2018-07
2018,7,Embezzlement,4,2018-07
2018,7,Evading Fare,10,2018-07
2018,7,Explosives,4,2018-07
2018,7,Fire Related Reports,50,2018-07
2018,7,Firearm Discovery,21,2018-07
2018,7,Firearm Violations,49,2018-07
2018,7,Fraud,197,2018-07
2018,7,Home Invasion,1,2018-07
2018,7,Harassment,100,2018-07
2018,7,Harbor Related Incidents,14,2018-07
2018,7,Homicide,6,2018-07
2018,7,Investigate Person,464,2018-07
2018,7,Investigate Property,332,2018-07
2018,7,Landlord/Tenant Disputes,39,2018-07
2018,7,Larceny,805,2018-07
2018,7,Larceny From Motor Vehicle,283,2018-07
2018,7,License Plate Related Incidents,13,2018-07
2018,7,License Violation,30,2018-07
2018,7,Liquor Violation,32,2018-07
2018,7,Medical Assistance,685,2018-07
2018,7,Missing Person Located,134,2018-07
2018,7,Missing Person Reported,96,2018-07
2018,7,Motor Vehicle Accident Response,964,2018-07
2018,7,Offenses Against Child / Family,12,2018-07
2018,7,Operating Under the Influence,6,2018-07
2018,7,Other,481,2018-07
2018,7,Other Burglary,11,2018-07
2018,7,Phone Call Complaints,1,2018-07
2018,7,Police Service Incidents,97,2018-07
2018,7,Prisoner Related Incidents,12,2018-07
2018,7,Property Found,133,2018-07
2018,7,Property Lost,291,2018-07
2018,7,Property Related Damage,21,2018-07
2018,7,Prostitution,2,2018-07
2018,7,Recovered Stolen Property,42,2018-07
2018,7,Residential Burglary,117,2018-07
2018,7,Restraining Order Violations,45,2018-07
2018,7,Robbery,93,2018-07
2018,7,Search Warrants,12,2018-07
2018,7,Service,7,2018-07
2018,7,Simple Assault,478,2018-07
2018,7,Towed,303,2018-07
2018,7,Vandalism,356,2018-07
2018,7,Verbal Disputes,408,2018-07
2018,7,Violations,154,2018-07
2018,7,Warrant Arrests,119,2018-07
2018,8,Aggravated Assault,199,2018-08
2018,8,Arson,1,2018-08
2018,8,Assembly or Gathering Violations,5,2018-08
2018,8,Auto Theft,121,2018-08
2018,8,Auto Theft Recovery,31,2018-08
2018,8,Ballistics,20,2018-08
2018,8,Bomb Hoax,2,2018-08
2018,8,Commercial Burglary,25,2018-08
2018,8,Confidence Games,67,2018-08
2018,8,Counterfeiting,17,2018-08
2018,8,Criminal Harassment,2,2018-08
2018,8,Disorderly Conduct,56,2018-08
2018,8,Drug Violation,401,2018-08
2018,8,Embezzlement,8,2018-08
2018,8,Evading Fare,12,2018-08
2018,8,Explosives,2,2018-08
2018,8,Fire Related Reports,57,2018-08
2018,8,Firearm Discovery,19,2018-08
2018,8,Firearm Violations,41,2018-08
2018,8,Fraud,189,2018-08
2018,8,Home Invasion,2,2018-08
2018,8,Harassment,92,2018-08
2018,8,Harbor Related Incidents,12,2018-08
2018,8,Homicide,3,2018-08
2018,8,Investigate Person,534,2018-08
2018,8,Investigate Property,302,2018-08
2018,8,Landlord/Tenant Disputes,39,2018-08
2018,8,Larceny,755,2018-08
2018,8,Larceny From Motor Vehicle,342,2018-08
2018,8,License Plate Related Incidents,16,2018-08
2018,8,License Violation,36,2018-08
2018,8,Liquor Violation,43,2018-08
2018,8,Medical Assistance,666,2018-08
2018,8,Missing Person Located,103,2018-08
2018,8,Missing Person Reported,62,2018-08
2018,8,Motor Vehicle Accident Response,1027,2018-08
2018,8,Offenses Against Child / Family,10,2018-08
2018,8,Operating Under the Influence,10,2018-08
2018,8,Other,474,2018-08
2018,8,Other Burglary,6,2018-08
2018,8,Phone Call Complaints,1,2018-08
2018,8,Police Service Incidents,118,2018-08
2018,8,Prisoner Related Incidents,7,2018-08
2018,8,Property Found,137,2018-08
2018,8,Property Lost,342,2018-08
2018,8,Property Related Damage,21,2018-08
2018,8,Prostitution,2,2018-08
2018,8,Recovered Stolen Property,41,2018-08
2018,8,Residential Burglary,112,2018-08
2018,8,Restraining Order Violations,54,2018-08
2018,8,Robbery,89,2018-08
2018,8,Search Warrants,22,2018-08
2018,8,Service,4,2018-08
2018,8,Simple Assault,422,2018-08
2018,8,Towed,381,2018-08
2018,8,Vandalism,402,2018-08
2018,8,Verbal Disputes,415,2018-08
2018,8,Violations,134,2018-08
2018,8,Warrant Arrests,132,2018-08
2018,9,Aggravated Assault,196,2018-09
2018,9,Arson,2,2018-09
2018,9,Assembly or Gathering Violations,23,2018-09
2018,9,Auto Theft,136,2018-09
2018,9,Auto Theft Recovery,27,2018-09
2018,9,Ballistics,26,2018-09
2018,9,Bomb Hoax,2,2018-09
2018,9,Commercial Burglary,14,2018-09
2018,9,Confidence Games,66,2018-09
2018,9,Counterfeiting,31,2018-09
2018,9,Criminal Harassment,2,2018-09
2018,9,Disorderly Conduct,65,2018-09
2018,9,Drug Violation,430,2018-09
2018,9,Embezzlement,9,2018-09
2018,9,Evading Fare,11,2018-09
2018,9,Fire Related Reports,47,2018-09
2018,9,Firearm Discovery,15,2018-09
2018,9,Firearm Violations,33,2018-09
2018,9,Fraud,120,2018-09
2018,9,Home Invasion,2,2018-09
2018,9,Harassment,109,2018-09
2018,9,Harbor Related Incidents,18,2018-09
2018,9,Homicide,4,2018-09
2018,9,Investigate Person,591,2018-09
2018,9,Investigate Property,307,2018-09
2018,9,Landlord/Tenant Disputes,29,2018-09
2018,9,Larceny,663,2018-09
2018,9,Larceny From Motor Vehicle,238,2018-09
2018,9,License Plate Related Incidents,17,2018-09
2018,9,License Violation,26,2018-09
2018,9,Liquor Violation,51,2018-09
2018,9,Medical Assistance,668,2018-09
2018,9,Missing Person Located,94,2018-09
2018,9,Missing Person Reported,78,2018-09
2018,9,Motor Vehicle Accident Response,970,2018-09
2018,9,Offenses Against Child / Family,7,2018-09
2018,9,Operating Under the Influence,8,2018-09
2018,9,Other,466,2018-09
2018,9,Other Burglary,11,2018-09
2018,9,Phone Call Complaints,1,2018-09
2018,9,Police Service Incidents,55,2018-09
2018,9,Prisoner Related Incidents,10,2018-09
2018,9,Property Found,110,2018-09
2018,9,Property Lost,262,2018-09
2018,9,Property Related Damage,19,2018-09
2018,9,Prostitution,5,2018-09
2018,9,Recovered Stolen Property,22,2018-09
2018,9,Residential Burglary,109,2018-09
2018,9,Restraining Order Violations,44,2018-09
2018,9,Robbery,116,2018-09
2018,9,Search Warrants,15,2018-09
2018,9,Service,4,2018-09
2018,9,Simple Assault,416,2018-09
2018,9,Towed,338,2018-09
2018,9,Vandalism,359,2018-09
2018,9,Verbal Disputes,389,2018-09
2018,9,Violations,122,2018-09
2018,9,Warrant Arrests,124,2018-09
2018,10,Aggravated Assault,27,2018-10
2018,10,Aircraft,1,2018-10
2018,10,Arson,1,2018-10
2018,10,Auto Theft,9,2018-10
2018,10,Auto Theft Recovery,3,2018-10
2018,10,Ballistics,5,2018-10
2018,10,Confidence Games,2,2018-10
2018,10,Disorderly Conduct,4,2018-10
2018,10,Drug Violation,36,2018-10
2018,10,Fire Related Reports,9,2018-10
2018,10,Firearm Violations,8,2018-10
2018,10,Fraud,5,2018-10
2018,10,Home Invasion,1,2018-10
2018,10,Harassment,9,2018-10
2018,10,Investigate Person,42,2018-10
2018,10,Investigate Property,13,2018-10
2018,10,Landlord/Tenant Disputes,3,2018-10
2018,10,Larceny,49,2018-10
2018,10,Larceny From Motor Vehicle,18,2018-10
2018,10,License Plate Related Incidents,1,2018-10
2018,10,Liquor Violation,3,2018-10
2018,10,Medical Assistance,50,2018-10
2018,10,Missing Person Located,3,2018-10
2018,10,Missing Person Reported,7,2018-10
2018,10,Motor Vehicle Accident Response,90,2018-10
2018,10,Operating Under the Influence,1,2018-10
2018,10,Other,47,2018-10
2018,10,Other Burglary,1,2018-10
2018,10,Police Service Incidents,3,2018-10
2018,10,Prisoner Related Incidents,1,2018-10
2018,10,Property Found,9,2018-10
2018,10,Property Lost,18,2018-10
2018,10,Property Related Damage,1,2018-10
2018,10,Recovered Stolen Property,3,2018-10
2018,10,Residential Burglary,7,2018-10
2018,10,Restraining Order Violations,4,2018-10
2018,10,Robbery,11,2018-10
2018,10,Simple Assault,30,2018-10
2018,10,Towed,32,2018-10
2018,10,Vandalism,50,2018-10
2018,10,Verbal Disputes,42,2018-10
2018,10,Violations,12,2018-10
2018,10,Warrant Arrests,18,2018-10
